,x
TRINITY_DN10039_c0_g1_i1|m.2968,1
TRINITY_DN10201_c0_g1_i1|m.3024,2
TRINITY_DN10235_c0_g1_i1|m.3052,3
TRINITY_DN10517_c0_g1_i1|m.3128,4
TRINITY_DN10582_c0_g1_i1|m.3152,3
TRINITY_DN10665_c0_g1_i1|m.3176,5
TRINITY_DN10759_c0_g1_i1|m.3212,3
TRINITY_DN10762_c0_g1_i1|m.3213,5
TRINITY_DN10804_c0_g1_i1|m.3232,6
TRINITY_DN10931_c0_g1_i1|m.3272,7
TRINITY_DN11059_c0_g1_i1|m.3331,3
TRINITY_DN11067_c0_g1_i1|m.3336,3
TRINITY_DN11232_c0_g1_i1|m.3408,2
TRINITY_DN11265_c0_g1_i1|m.3414,3
TRINITY_DN11422_c0_g1_i1|m.3488,7
TRINITY_DN11482_c0_g1_i1|m.3507,2
TRINITY_DN11554_c0_g1_i1|m.3536,3
TRINITY_DN11554_c0_g2_i1|m.3537,3
TRINITY_DN11722_c0_g2_i1|m.3598,2
TRINITY_DN11847_c0_g1_i1|m.3623,8
TRINITY_DN12021_c0_g1_i1|m.3702,9
TRINITY_DN12329_c0_g1_i1|m.3833,5
TRINITY_DN12335_c0_g1_i2|m.3824,3
TRINITY_DN12348_c0_g1_i1|m.3844,7
TRINITY_DN12368_c0_g1_i1|m.3849,2
TRINITY_DN12409_c0_g1_i1|m.3872,2
TRINITY_DN12493_c0_g1_i1|m.3886,2
TRINITY_DN12494_c0_g1_i1|m.3885,3
TRINITY_DN12623_c0_g1_i1|m.3947,10
TRINITY_DN12783_c1_g1_i1|m.3989,11
TRINITY_DN12801_c0_g1_i1|m.3996,3
TRINITY_DN12811_c0_g1_i1|m.4001,3
TRINITY_DN12819_c0_g1_i1|m.4007,2
TRINITY_DN12999_c0_g1_i1|m.4046,2
TRINITY_DN13245_c0_g1_i1|m.4102,11
TRINITY_DN13361_c0_g1_i1|m.4134,2
TRINITY_DN13462_c0_g1_i1|m.4185,8
TRINITY_DN13666_c0_g1_i1|m.4278,12
TRINITY_DN13771_c0_g1_i1|m.4320,4
TRINITY_DN14192_c0_g2_i1|m.4484,3
TRINITY_DN14241_c0_g1_i1|m.4502,3
TRINITY_DN14265_c0_g1_i1|m.4508,13
TRINITY_DN14339_c0_g1_i1|m.4522,3
TRINITY_DN14359_c0_g1_i1|m.4547,4
TRINITY_DN14395_c0_g1_i1|m.4566,3
TRINITY_DN14518_c0_g1_i1|m.4602,10
TRINITY_DN14665_c0_g1_i1|m.4646,5
TRINITY_DN14922_c0_g1_i1|m.4773,2
TRINITY_DN15019_c0_g1_i1|m.4820,1
TRINITY_DN15137_c0_g1_i1|m.4855,5
TRINITY_DN15176_c0_g1_i1|m.4874,10
TRINITY_DN15237_c0_g1_i1|m.4912,10
TRINITY_DN15308_c0_g1_i1|m.4940,8
TRINITY_DN15422_c0_g1_i1|m.4995,10
TRINITY_DN15466_c0_g1_i1|m.5016,3
TRINITY_DN15531_c0_g1_i1|m.5093,14
TRINITY_DN15535_c0_g1_i1|m.5091,10
TRINITY_DN15553_c0_g1_i1|m.5103,5
TRINITY_DN15739_c0_g1_i1|m.5194,3
TRINITY_DN15787_c0_g1_i1|m.5232,5
TRINITY_DN15797_c0_g1_i1|m.5191,3
TRINITY_DN15853_c0_g1_i1|m.5271,2
TRINITY_DN16044_c0_g1_i1|m.5341,3
TRINITY_DN16088_c0_g1_i1|m.5375,2
TRINITY_DN16127_c0_g1_i1|m.5391,2
TRINITY_DN16228_c0_g1_i1|m.5439,2
TRINITY_DN16250_c0_g1_i1|m.5445,6
TRINITY_DN16266_c0_g1_i1|m.5461,6
TRINITY_DN16287_c0_g4_i1|m.5464,3
TRINITY_DN16415_c0_g1_i1|m.5545,5
TRINITY_DN16499_c0_g1_i1|m.5558,5
TRINITY_DN16509_c0_g1_i1|m.5570,3
TRINITY_DN16681_c0_g2_i1|m.5628,2
TRINITY_DN16856_c0_g1_i1|m.5683,3
TRINITY_DN16890_c0_g1_i1|m.5722,3
TRINITY_DN17087_c0_g1_i1|m.5814,2
TRINITY_DN17099_c0_g1_i1|m.5781,10
TRINITY_DN17099_c0_g2_i1|m.5783,10
TRINITY_DN17148_c0_g1_i1|m.5843,3
TRINITY_DN17204_c0_g1_i1|m.5874,3
TRINITY_DN17240_c0_g1_i1|m.5869,2
TRINITY_DN17284_c0_g1_i1|m.5913,3
TRINITY_DN17509_c0_g1_i1|m.6037,15
TRINITY_DN17513_c0_g1_i1|m.6039,11
TRINITY_DN17633_c0_g1_i1|m.6126,8
TRINITY_DN17663_c0_g1_i1|m.6133,6
TRINITY_DN17803_c0_g1_i1|m.6232,2
TRINITY_DN17817_c0_g1_i1|m.6251,2
TRINITY_DN17832_c0_g1_i1|m.6261,2
TRINITY_DN17861_c0_g1_i1|m.6266,10
TRINITY_DN17928_c1_g1_i1|m.6317,13
TRINITY_DN17936_c0_g2_i1|m.6324,2
TRINITY_DN17957_c0_g1_i2|m.6328,6
TRINITY_DN17994_c0_g1_i1|m.6347,3
TRINITY_DN18089_c0_g1_i1|m.6374,10
TRINITY_DN18149_c0_g1_i1|m.6396,3
TRINITY_DN18191_c0_g1_i1|m.6405,2
TRINITY_DN18304_c0_g1_i1|m.6445,3
TRINITY_DN18336_c0_g1_i1|m.6461,5
TRINITY_DN18421_c0_g1_i1|m.6500,2
TRINITY_DN18442_c0_g1_i1|m.6495,2
TRINITY_DN18458_c0_g1_i1|m.6519,11
TRINITY_DN18473_c0_g1_i1|m.6534,2
TRINITY_DN18511_c0_g1_i1|m.6563,10
TRINITY_DN18521_c0_g1_i3|m.6568,11
TRINITY_DN18535_c0_g1_i1|m.6578,4
TRINITY_DN18575_c0_g1_i1|m.6591,4
TRINITY_DN18642_c0_g1_i1|m.6646,10
TRINITY_DN18709_c0_g1_i1|m.6675,2
TRINITY_DN18762_c0_g1_i1|m.6697,2
TRINITY_DN18780_c0_g1_i1|m.6703,11
TRINITY_DN18813_c0_g1_i1|m.6744,2
TRINITY_DN18849_c0_g1_i1|m.6758,3
TRINITY_DN18889_c0_g1_i1|m.6793,10
TRINITY_DN18889_c0_g2_i1|m.6795,16
TRINITY_DN18894_c0_g1_i1|m.6801,17
TRINITY_DN18911_c0_g1_i1|m.6811,5
TRINITY_DN19121_c0_g1_i1|m.6892,5
TRINITY_DN19167_c0_g1_i1|m.6919,2
TRINITY_DN19169_c0_g1_i1|m.6920,10
TRINITY_DN19212_c0_g1_i1|m.6953,7
TRINITY_DN19266_c0_g1_i1|m.6984,5
TRINITY_DN19316_c0_g1_i1|m.7019,2
TRINITY_DN19320_c0_g1_i1|m.7023,10
TRINITY_DN19343_c0_g1_i1|m.7016,2
TRINITY_DN19360_c0_g1_i1|m.6998,8
TRINITY_DN19377_c0_g1_i1|m.7035,2
TRINITY_DN19494_c0_g1_i1|m.7122,10
TRINITY_DN19524_c0_g1_i1|m.7143,3
TRINITY_DN19558_c0_g1_i1|m.7169,6
TRINITY_DN19644_c0_g1_i1|m.7204,3
TRINITY_DN19648_c0_g1_i1|m.7220,7
TRINITY_DN19680_c0_g1_i1|m.7244,2
TRINITY_DN19686_c0_g1_i1|m.7251,5
TRINITY_DN19770_c0_g2_i1|m.7283,18
TRINITY_DN19802_c0_g1_i1|m.7321,13
TRINITY_DN19813_c0_g5_i1|m.7344,1
TRINITY_DN19833_c0_g1_i2|m.7355,5
TRINITY_DN19918_c0_g1_i1|m.7393,5
TRINITY_DN19934_c0_g1_i1|m.7414,5
TRINITY_DN19935_c0_g1_i1|m.7416,3
TRINITY_DN19935_c1_g2_i1|m.7417,15
TRINITY_DN19958_c0_g1_i1|m.7425,2
TRINITY_DN19963_c0_g1_i1|m.7430,5
TRINITY_DN19984_c0_g2_i3|m.7440,3
TRINITY_DN19984_c0_g3_i1|m.7444,3
TRINITY_DN20016_c0_g1_i1|m.7455,10
TRINITY_DN20017_c0_g1_i1|m.7463,2
TRINITY_DN20061_c1_g1_i1|m.7482,3
TRINITY_DN20065_c0_g1_i1|m.7478,10
TRINITY_DN20065_c0_g1_i2|m.7479,10
TRINITY_DN20078_c0_g1_i1|m.7490,4
TRINITY_DN20080_c0_g1_i1|m.7488,2
TRINITY_DN20098_c0_g1_i1|m.7499,3
TRINITY_DN20141_c0_g1_i1|m.7536,2
TRINITY_DN20182_c0_g1_i1|m.7553,10
TRINITY_DN20186_c0_g1_i1|m.7552,2
TRINITY_DN20196_c0_g1_i1|m.7557,13
TRINITY_DN20203_c0_g1_i1|m.7561,3
TRINITY_DN20221_c0_g1_i1|m.7568,10
TRINITY_DN20337_c0_g1_i1|m.7640,4
TRINITY_DN20368_c0_g1_i1|m.7648,19
TRINITY_DN20444_c0_g1_i1|m.7660,3
TRINITY_DN20447_c0_g1_i1|m.7692,2
TRINITY_DN20458_c0_g1_i1|m.7695,10
TRINITY_DN20550_c0_g1_i1|m.7761,12
TRINITY_DN20580_c0_g1_i1|m.7777,10
TRINITY_DN20653_c0_g1_i1|m.7820,10
TRINITY_DN20684_c0_g1_i1|m.7838,16
TRINITY_DN20691_c0_g1_i1|m.7852,5
TRINITY_DN20711_c0_g1_i1|m.7866,3
TRINITY_DN20734_c0_g1_i1|m.7881,18
TRINITY_DN20767_c0_g1_i1|m.7884,5
TRINITY_DN20777_c0_g1_i1|m.7900,5
TRINITY_DN20815_c0_g1_i1|m.7935,2
TRINITY_DN20835_c0_g1_i1|m.7929,10
TRINITY_DN20867_c0_g1_i1|m.7972,5
TRINITY_DN20879_c0_g1_i1|m.7987,2
TRINITY_DN20920_c0_g1_i1|m.8025,3
TRINITY_DN20962_c0_g1_i1|m.8056,2
TRINITY_DN20979_c0_g2_i1|m.8077,10
TRINITY_DN20979_c0_g4_i1|m.8082,7
TRINITY_DN20993_c0_g1_i1|m.8088,10
TRINITY_DN21032_c0_g1_i1|m.8131,12
TRINITY_DN21131_c0_g1_i1|m.8209,18
TRINITY_DN21132_c0_g1_i1|m.8211,10
TRINITY_DN21133_c0_g1_i1|m.8173,2
TRINITY_DN21151_c0_g1_i1|m.8219,10
TRINITY_DN21172_c0_g1_i1|m.8224,5
TRINITY_DN21210_c0_g1_i1|m.8256,11
TRINITY_DN21234_c0_g1_i1|m.8275,2
TRINITY_DN21239_c0_g1_i1|m.8277,2
TRINITY_DN21242_c0_g1_i1|m.8272,10
TRINITY_DN21254_c0_g1_i1|m.8285,2
TRINITY_DN21278_c0_g1_i1|m.8306,5
TRINITY_DN21279_c0_g1_i1|m.8313,5
TRINITY_DN21282_c0_g1_i1|m.8315,2
TRINITY_DN21368_c0_g1_i1|m.8427,4
TRINITY_DN21412_c0_g1_i1|m.8459,3
TRINITY_DN21440_c0_g1_i1|m.8487,9
TRINITY_DN21456_c0_g1_i1|m.8495,10
TRINITY_DN21466_c0_g1_i1|m.8504,10
TRINITY_DN21538_c0_g1_i2|m.8599,10
TRINITY_DN21605_c0_g1_i1|m.8648,3
TRINITY_DN21637_c0_g1_i3|m.8635,10
TRINITY_DN21673_c0_g1_i1|m.8693,16
TRINITY_DN21699_c0_g1_i1|m.8708,16
TRINITY_DN21720_c0_g1_i1|m.8736,5
TRINITY_DN21759_c0_g1_i1|m.8767,7
TRINITY_DN21763_c0_g1_i1|m.8772,3
TRINITY_DN21791_c0_g1_i1|m.8809,10
TRINITY_DN21844_c0_g1_i1|m.8855,2
TRINITY_DN21846_c0_g4_i1|m.8858,4
TRINITY_DN21868_c0_g1_i1|m.8867,10
TRINITY_DN21877_c0_g1_i1|m.8871,18
TRINITY_DN21904_c0_g1_i1|m.8885,5
TRINITY_DN21906_c0_g1_i1|m.8887,10
TRINITY_DN21930_c0_g1_i1|m.8906,7
TRINITY_DN22024_c0_g1_i1|m.8997,10
TRINITY_DN22035_c0_g1_i6|m.9018,3
TRINITY_DN22047_c0_g1_i1|m.8979,2
TRINITY_DN22048_c0_g1_i2|m.9030,3
TRINITY_DN22089_c0_g1_i1|m.9103,3
TRINITY_DN22120_c0_g1_i1|m.9134,3
TRINITY_DN22133_c0_g1_i1|m.9148,10
TRINITY_DN22162_c0_g1_i1|m.9174,6
TRINITY_DN22186_c0_g1_i1|m.9179,15
TRINITY_DN22193_c0_g1_i1|m.9185,5
TRINITY_DN22233_c0_g2_i1|m.9235,10
TRINITY_DN22260_c0_g1_i1|m.9257,15
TRINITY_DN22275_c0_g1_i1|m.9269,2
TRINITY_DN22352_c0_g1_i1|m.9338,5
TRINITY_DN22354_c0_g1_i1|m.9315,15
TRINITY_DN22360_c0_g1_i1|m.9346,13
TRINITY_DN22416_c0_g1_i1|m.9378,14
TRINITY_DN22436_c0_g1_i1|m.9416,5
TRINITY_DN22441_c1_g2_i1|m.9388,2
TRINITY_DN22458_c0_g1_i1|m.9434,5
TRINITY_DN22499_c0_g1_i1|m.9452,4
TRINITY_DN22514_c0_g1_i1|m.9465,2
TRINITY_DN22599_c0_g1_i1|m.9536,2
TRINITY_DN22622_c0_g1_i1|m.9572,5
TRINITY_DN22627_c0_g1_i1|m.9541,5
TRINITY_DN22655_c0_g1_i1|m.9558,3
TRINITY_DN22659_c0_g1_i1|m.9610,3
TRINITY_DN22684_c0_g1_i1|m.9644,10
TRINITY_DN22769_c0_g1_i1|m.9730,10
TRINITY_DN22806_c0_g2_i1|m.9759,8
TRINITY_DN22818_c0_g1_i1|m.9778,19
TRINITY_DN22836_c0_g1_i1|m.9746,2
TRINITY_DN22858_c0_g1_i1|m.9808,5
TRINITY_DN22874_c0_g1_i1|m.9813,4
TRINITY_DN22875_c0_g1_i1|m.9830,3
TRINITY_DN22958_c0_g1_i1|m.9897,2
TRINITY_DN22958_c0_g1_i2|m.9900,10
TRINITY_DN23002_c0_g1_i1|m.9961,5
TRINITY_DN23013_c0_g1_i1|m.9975,2
TRINITY_DN23027_c0_g1_i1|m.9994,5
TRINITY_DN23052_c0_g1_i1|m.9959,2
TRINITY_DN23061_c0_g1_i1|m.10020,5
TRINITY_DN23073_c0_g1_i1|m.10024,3
TRINITY_DN23077_c0_g1_i1|m.10029,4
TRINITY_DN23115_c0_g1_i2|m.10066,10
TRINITY_DN23121_c0_g1_i1|m.10067,10
TRINITY_DN23123_c0_g2_i1|m.10090,19
TRINITY_DN23153_c0_g3_i1|m.10109,3
TRINITY_DN23202_c0_g1_i1|m.10154,14
TRINITY_DN23229_c0_g1_i1|m.10189,2
TRINITY_DN23235_c0_g2_i1|m.10144,19
TRINITY_DN23339_c0_g1_i1|m.10302,10
TRINITY_DN23340_c0_g1_i1|m.10304,3
TRINITY_DN23366_c0_g1_i1|m.10329,10
TRINITY_DN23386_c0_g1_i1|m.10334,2
TRINITY_DN23405_c0_g2_i1|m.10369,10
TRINITY_DN23405_c0_g3_i1|m.10371,19
TRINITY_DN23405_c0_g3_i2|m.10373,19
TRINITY_DN23410_c0_g1_i1|m.10365,11
TRINITY_DN23479_c0_g1_i1|m.10428,3
TRINITY_DN23501_c0_g1_i1|m.10449,3
TRINITY_DN23529_c0_g1_i1|m.10465,10
TRINITY_DN23530_c0_g1_i4|m.10468,5
TRINITY_DN23532_c0_g1_i1|m.10482,5
TRINITY_DN23538_c0_g3_i1|m.10483,10
TRINITY_DN23543_c0_g1_i1|m.10445,10
TRINITY_DN23567_c0_g1_i1|m.10501,3
TRINITY_DN23569_c0_g2_i1|m.10509,5
TRINITY_DN23570_c0_g1_i2|m.10512,3
TRINITY_DN23675_c0_g1_i1|m.10586,3
TRINITY_DN23698_c0_g1_i1|m.10656,3
TRINITY_DN23724_c0_g1_i1|m.10680,2
TRINITY_DN23769_c0_g1_i1|m.10740,3
TRINITY_DN23773_c0_g1_i1|m.10741,3
TRINITY_DN23817_c0_g1_i1|m.10790,2
TRINITY_DN23821_c0_g3_i1|m.10792,5
TRINITY_DN23845_c0_g1_i1|m.10770,2
TRINITY_DN23864_c1_g1_i1|m.10841,5
TRINITY_DN23864_c1_g1_i2|m.10842,2
TRINITY_DN23867_c0_g1_i1|m.10832,7
TRINITY_DN23876_c0_g1_i2|m.10851,6
TRINITY_DN23880_c0_g1_i1|m.10852,2
TRINITY_DN23882_c0_g1_i1|m.10853,5
TRINITY_DN23886_c0_g1_i1|m.10865,3
TRINITY_DN23890_c0_g1_i1|m.10795,3
TRINITY_DN23915_c0_g1_i1|m.10963,2
TRINITY_DN23920_c0_g1_i1|m.10985,5
TRINITY_DN23928_c0_g1_i1|m.10987,14
TRINITY_DN23943_c0_g1_i1|m.10919,5
TRINITY_DN23957_c0_g1_i1|m.11009,4
TRINITY_DN23967_c0_g1_i1|m.11015,2
TRINITY_DN23972_c0_g1_i1|m.10965,20
TRINITY_DN23977_c0_g1_i1|m.11021,3
TRINITY_DN23988_c0_g1_i1|m.11025,2
TRINITY_DN24015_c0_g1_i1|m.11043,3
TRINITY_DN24017_c0_g1_i1|m.11056,19
TRINITY_DN24017_c0_g1_i2|m.11058,19
TRINITY_DN24020_c0_g1_i1|m.11070,10
TRINITY_DN24022_c0_g1_i1|m.11077,4
TRINITY_DN24058_c0_g1_i2|m.11084,2
TRINITY_DN24063_c0_g1_i1|m.11094,7
TRINITY_DN24074_c0_g1_i1|m.11106,10
TRINITY_DN24092_c0_g1_i1|m.11075,21
TRINITY_DN24117_c0_g1_i1|m.11162,4
TRINITY_DN24133_c0_g1_i1|m.11179,2
TRINITY_DN24133_c0_g2_i1|m.11180,10
TRINITY_DN24165_c0_g1_i1|m.11185,1
TRINITY_DN24166_c0_g1_i2|m.11207,5
TRINITY_DN24187_c0_g1_i1|m.11229,5
TRINITY_DN24195_c0_g1_i1|m.11243,20
TRINITY_DN24226_c0_g1_i1|m.11267,10
TRINITY_DN24235_c0_g1_i1|m.11270,3
TRINITY_DN24259_c0_g1_i1|m.11297,10
TRINITY_DN24261_c0_g1_i1|m.11253,6
TRINITY_DN24262_c0_g1_i1|m.11310,3
TRINITY_DN24303_c0_g1_i1|m.11350,2
TRINITY_DN24308_c0_g1_i1|m.11361,13
TRINITY_DN24311_c0_g2_i1|m.11370,2
TRINITY_DN24312_c0_g1_i1|m.11367,5
TRINITY_DN24320_c0_g1_i1|m.11376,5
TRINITY_DN24343_c0_g1_i1|m.11380,3
TRINITY_DN24353_c0_g1_i1|m.11399,10
TRINITY_DN24362_c0_g1_i1|m.11413,2
TRINITY_DN24365_c0_g1_i1|m.11416,21
TRINITY_DN24402_c0_g1_i2|m.11470,3
TRINITY_DN24451_c0_g1_i1|m.11517,10
TRINITY_DN24451_c0_g2_i1|m.11519,10
TRINITY_DN24489_c0_g1_i2|m.11472,10
TRINITY_DN24529_c0_g1_i1|m.11636,5
TRINITY_DN24566_c0_g1_i1|m.11657,10
TRINITY_DN24580_c0_g1_i1|m.11671,15
TRINITY_DN24603_c0_g2_i1|m.11706,13
TRINITY_DN24603_c0_g2_i10|m.11724,3
TRINITY_DN24603_c0_g2_i4|m.11712,3
TRINITY_DN24603_c0_g2_i5|m.11713,3
TRINITY_DN24603_c0_g2_i6|m.11715,2
TRINITY_DN24605_c0_g1_i1|m.11701,11
TRINITY_DN24626_c0_g1_i1|m.11752,8
TRINITY_DN24634_c0_g1_i1|m.11754,10
TRINITY_DN24638_c0_g1_i2|m.11749,5
TRINITY_DN24646_c0_g1_i1|m.11789,3
TRINITY_DN24655_c1_g1_i2|m.11813,2
TRINITY_DN24655_c1_g1_i3|m.11814,10
TRINITY_DN24670_c0_g1_i1|m.11823,10
TRINITY_DN24678_c0_g3_i1|m.11831,10
TRINITY_DN24681_c0_g1_i1|m.11839,5
TRINITY_DN24684_c0_g1_i2|m.11843,10
TRINITY_DN24691_c0_g1_i1|m.11854,5
TRINITY_DN24696_c0_g1_i1|m.11855,11
TRINITY_DN24723_c0_g1_i1|m.11889,5
TRINITY_DN24730_c1_g1_i1|m.11907,10
TRINITY_DN24739_c0_g1_i2|m.11867,10
TRINITY_DN24749_c0_g1_i1|m.11919,12
TRINITY_DN24749_c0_g1_i2|m.11920,11
TRINITY_DN24754_c0_g1_i1|m.11877,3
TRINITY_DN24756_c0_g1_i1|m.11948,3
TRINITY_DN24757_c0_g1_i1|m.11923,4
TRINITY_DN24761_c0_g1_i1|m.11951,19
TRINITY_DN24761_c1_g1_i1|m.11953,10
TRINITY_DN24762_c0_g1_i1|m.11945,2
TRINITY_DN24784_c0_g1_i1|m.11976,5
TRINITY_DN24785_c0_g1_i1|m.11966,2
TRINITY_DN24791_c0_g1_i1|m.11993,11
TRINITY_DN24843_c0_g1_i1|m.12029,10
TRINITY_DN24843_c0_g1_i2|m.12031,3
TRINITY_DN24848_c0_g2_i1|m.12078,4
TRINITY_DN24860_c0_g1_i1|m.12084,13
TRINITY_DN24868_c0_g1_i1|m.12096,2
TRINITY_DN24882_c0_g1_i1|m.12104,2
TRINITY_DN24885_c0_g1_i1|m.12108,2
TRINITY_DN24914_c0_g1_i3|m.12174,7
TRINITY_DN24919_c0_g1_i1|m.12160,2
TRINITY_DN24947_c0_g1_i1|m.12133,3
TRINITY_DN24952_c0_g1_i1|m.12156,10
TRINITY_DN24963_c0_g1_i1|m.12216,5
TRINITY_DN24984_c0_g2_i1|m.12230,10
TRINITY_DN24987_c0_g2_i1|m.12246,10
TRINITY_DN24987_c0_g3_i1|m.12250,12
TRINITY_DN24989_c0_g1_i1|m.12234,8
TRINITY_DN24992_c0_g1_i1|m.12242,2
TRINITY_DN25022_c0_g1_i1|m.12292,13
TRINITY_DN25023_c0_g3_i1|m.12294,2
TRINITY_DN25030_c0_g1_i1|m.12318,10
TRINITY_DN25044_c0_g1_i1|m.12288,2
TRINITY_DN25067_c0_g1_i1|m.12328,2
TRINITY_DN25069_c0_g2_i1|m.12353,7
TRINITY_DN25071_c0_g1_i1|m.12355,5
TRINITY_DN25095_c0_g1_i1|m.12382,5
TRINITY_DN25105_c0_g1_i1|m.12413,2
TRINITY_DN25131_c0_g1_i1|m.12438,3
TRINITY_DN25133_c0_g1_i1|m.12439,11
TRINITY_DN25135_c0_g1_i1|m.12441,2
TRINITY_DN25143_c0_g1_i1|m.12434,6
TRINITY_DN25144_c0_g1_i1|m.12462,18
TRINITY_DN25148_c0_g1_i1|m.12464,2
TRINITY_DN25158_c0_g1_i1|m.12488,16
TRINITY_DN25171_c0_g1_i1|m.12495,2
TRINITY_DN25199_c0_g2_i1|m.12520,10
TRINITY_DN25220_c0_g1_i1|m.12565,2
TRINITY_DN25228_c0_g1_i1|m.12572,5
TRINITY_DN25239_c0_g1_i1|m.12589,3
TRINITY_DN25265_c0_g2_i1|m.12605,11
TRINITY_DN25280_c0_g1_i1|m.12625,10
TRINITY_DN25280_c1_g1_i1|m.12627,10
TRINITY_DN25280_c1_g2_i1|m.12628,10
TRINITY_DN25291_c0_g1_i1|m.12638,22
TRINITY_DN25296_c0_g1_i1|m.12645,11
TRINITY_DN25319_c0_g1_i2|m.12685,10
TRINITY_DN25320_c0_g1_i1|m.12696,21
TRINITY_DN25323_c0_g1_i1|m.12697,5
TRINITY_DN25334_c0_g1_i1|m.12731,11
TRINITY_DN25343_c0_g1_i10|m.12726,5
TRINITY_DN25346_c0_g1_i1|m.12693,3
TRINITY_DN25348_c0_g1_i1|m.12660,11
TRINITY_DN25353_c0_g1_i1|m.12747,2
TRINITY_DN25364_c0_g1_i1|m.12754,3
TRINITY_DN25365_c0_g1_i1|m.12769,18
TRINITY_DN25381_c0_g1_i2|m.12779,5
TRINITY_DN25422_c0_g1_i1|m.12856,5
TRINITY_DN25440_c0_g1_i1|m.12860,10
TRINITY_DN25441_c0_g6_i1|m.12894,8
TRINITY_DN25447_c0_g1_i2|m.12823,10
TRINITY_DN25459_c0_g1_i1|m.12918,10
TRINITY_DN25497_c0_g2_i1|m.12997,2
TRINITY_DN25512_c0_g1_i1|m.13044,3
TRINITY_DN25518_c0_g1_i1|m.13055,3
TRINITY_DN25522_c0_g1_i1|m.13065,2
TRINITY_DN25528_c0_g1_i1|m.13087,3
TRINITY_DN25531_c0_g1_i1|m.13089,19
TRINITY_DN25531_c0_g1_i2|m.13090,10
TRINITY_DN25534_c0_g1_i1|m.13075,13
TRINITY_DN25567_c0_g1_i1|m.13114,3
TRINITY_DN25574_c0_g1_i1|m.13131,2
TRINITY_DN25590_c0_g1_i1|m.13084,5
TRINITY_DN25591_c0_g1_i1|m.13146,5
TRINITY_DN25597_c0_g1_i1|m.13015,3
TRINITY_DN25600_c0_g1_i1|m.13160,2
TRINITY_DN25611_c0_g1_i1|m.13198,3
TRINITY_DN25625_c0_g1_i1|m.13236,3
TRINITY_DN25632_c0_g1_i3|m.13242,4
TRINITY_DN25636_c0_g1_i1|m.13151,2
TRINITY_DN25642_c0_g1_i1|m.13192,3
TRINITY_DN25643_c0_g1_i1|m.13175,10
TRINITY_DN25644_c0_g1_i1|m.13226,2
TRINITY_DN25691_c0_g1_i1|m.13292,5
TRINITY_DN25710_c0_g1_i1|m.13327,3
TRINITY_DN25751_c0_g1_i1|m.13366,5
TRINITY_DN25761_c0_g1_i1|m.13387,11
TRINITY_DN25779_c0_g1_i1|m.13422,14
TRINITY_DN25793_c0_g1_i1|m.13440,8
TRINITY_DN25799_c0_g1_i1|m.13443,3
TRINITY_DN25800_c0_g1_i1|m.13461,3
TRINITY_DN25824_c0_g1_i1|m.13523,5
TRINITY_DN25851_c0_g1_i1|m.13521,14
TRINITY_DN25890_c0_g2_i4|m.13587,18
TRINITY_DN25930_c0_g1_i1|m.13672,5
TRINITY_DN25967_c0_g1_i1|m.13652,3
TRINITY_DN25967_c0_g1_i2|m.13653,3
TRINITY_DN25986_c0_g1_i2|m.13734,10
TRINITY_DN26007_c0_g1_i1|m.13757,3
TRINITY_DN26012_c0_g3_i1|m.13775,23
TRINITY_DN26012_c0_g4_i1|m.13777,2
TRINITY_DN26015_c0_g1_i2|m.13770,19
TRINITY_DN26020_c0_g1_i3|m.13787,3
TRINITY_DN26043_c0_g1_i1|m.13755,11
TRINITY_DN26062_c0_g1_i1|m.13845,21
TRINITY_DN26065_c0_g1_i1|m.13849,3
TRINITY_DN26076_c0_g1_i1|m.13859,5
TRINITY_DN26094_c0_g1_i1|m.13868,3
TRINITY_DN26121_c0_g1_i2|m.13936,10
TRINITY_DN26174_c0_g3_i2|m.14060,3
TRINITY_DN26179_c0_g1_i1|m.14071,10
TRINITY_DN26179_c0_g2_i1|m.14073,3
TRINITY_DN26205_c0_g1_i2|m.14128,3
TRINITY_DN26219_c0_g1_i2|m.14158,11
TRINITY_DN26233_c0_g1_i1|m.14139,11
TRINITY_DN26241_c0_g1_i1|m.14156,5
TRINITY_DN26242_c0_g1_i2|m.14115,10
TRINITY_DN26247_c0_g1_i2|m.14113,3
TRINITY_DN26250_c0_g1_i1|m.14183,3
TRINITY_DN26253_c0_g1_i1|m.14196,4
TRINITY_DN26257_c0_g3_i1|m.14214,1
TRINITY_DN26259_c0_g1_i1|m.14201,2
TRINITY_DN26264_c0_g1_i1|m.14191,2
TRINITY_DN26287_c0_g1_i1|m.14272,3
TRINITY_DN26300_c0_g1_i1|m.14309,10
TRINITY_DN26302_c0_g1_i1|m.14315,3
TRINITY_DN26305_c1_g1_i1|m.14314,11
TRINITY_DN26306_c0_g1_i1|m.14329,2
TRINITY_DN26306_c0_g2_i1|m.14331,3
TRINITY_DN26314_c0_g1_i1|m.14334,3
TRINITY_DN26314_c0_g1_i2|m.14336,3
TRINITY_DN26322_c1_g1_i1|m.14360,10
TRINITY_DN26322_c1_g2_i1|m.14362,2
TRINITY_DN26374_c0_g1_i1|m.14459,4
TRINITY_DN26427_c0_g1_i1|m.14550,18
TRINITY_DN26430_c0_g1_i1|m.14541,3
TRINITY_DN26465_c0_g1_i1|m.14592,3
TRINITY_DN26492_c0_g1_i1|m.14614,2
TRINITY_DN26495_c0_g1_i1|m.14621,5
TRINITY_DN26497_c0_g1_i1|m.14623,2
TRINITY_DN26504_c0_g1_i1|m.14690,9
TRINITY_DN26508_c0_g6_i3|m.14713,10
TRINITY_DN26513_c0_g1_i1|m.14680,14
TRINITY_DN26513_c0_g2_i1|m.14681,5
TRINITY_DN26518_c0_g1_i1|m.14684,7
TRINITY_DN26549_c0_g1_i1|m.14748,10
TRINITY_DN26549_c0_g2_i1|m.14749,12
TRINITY_DN26641_c0_g1_i1|m.14839,3
TRINITY_DN26644_c0_g1_i1|m.14928,10
TRINITY_DN26653_c0_g1_i1|m.14939,5
TRINITY_DN26658_c0_g6_i1|m.14942,3
TRINITY_DN26680_c0_g1_i1|m.14978,3
TRINITY_DN26682_c0_g2_i1|m.14998,3
TRINITY_DN26682_c0_g3_i2|m.15003,2
TRINITY_DN26704_c0_g1_i1|m.15037,4
TRINITY_DN26721_c0_g1_i1|m.15071,5
TRINITY_DN26728_c0_g1_i1|m.15095,10
TRINITY_DN26734_c0_g1_i1|m.15092,2
TRINITY_DN26749_c0_g1_i2|m.15115,10
TRINITY_DN26751_c0_g1_i1|m.15136,21
TRINITY_DN26754_c0_g1_i1|m.15141,5
TRINITY_DN26765_c0_g1_i2|m.15162,3
TRINITY_DN26797_c0_g1_i1|m.15199,5
TRINITY_DN26798_c0_g1_i1|m.15203,10
TRINITY_DN26801_c0_g1_i1|m.15214,2
TRINITY_DN26807_c0_g4_i1|m.15223,2
TRINITY_DN26807_c0_g5_i1|m.15226,10
TRINITY_DN26812_c0_g1_i1|m.15235,4
TRINITY_DN26813_c0_g1_i1|m.15221,5
TRINITY_DN26822_c0_g1_i1|m.15257,10
TRINITY_DN26836_c0_g1_i1|m.15271,6
TRINITY_DN26849_c0_g1_i1|m.15280,10
TRINITY_DN26849_c1_g1_i1|m.15281,10
TRINITY_DN26849_c1_g1_i2|m.15282,10
TRINITY_DN26891_c0_g1_i1|m.15323,14
TRINITY_DN26893_c0_g2_i1|m.15341,5
TRINITY_DN26902_c0_g1_i1|m.15376,10
TRINITY_DN26929_c0_g1_i1|m.15372,18
TRINITY_DN26929_c0_g1_i2|m.15374,10
TRINITY_DN26951_c0_g2_i1|m.15467,3
TRINITY_DN26953_c0_g2_i1|m.15477,11
TRINITY_DN26963_c0_g1_i1|m.15491,2
TRINITY_DN26968_c0_g1_i1|m.15498,3
TRINITY_DN26993_c0_g1_i1|m.15356,10
TRINITY_DN26997_c0_g1_i1|m.15549,8
TRINITY_DN27027_c0_g1_i1|m.15602,2
TRINITY_DN27029_c0_g1_i2|m.15623,5
TRINITY_DN27044_c0_g1_i1|m.15569,13
TRINITY_DN27049_c0_g1_i1|m.15627,2
TRINITY_DN27063_c0_g1_i1|m.15648,5
TRINITY_DN27083_c0_g1_i1|m.15680,2
TRINITY_DN27088_c0_g1_i1|m.15700,5
TRINITY_DN27095_c0_g1_i1|m.15557,8
TRINITY_DN27101_c1_g1_i1|m.15729,5
TRINITY_DN27102_c0_g1_i1|m.15725,11
TRINITY_DN27109_c0_g1_i1|m.15760,2
TRINITY_DN27109_c0_g2_i1|m.15761,10
TRINITY_DN27110_c0_g1_i1|m.15741,3
TRINITY_DN27135_c0_g1_i1|m.15829,5
TRINITY_DN27192_c0_g1_i1|m.15886,5
TRINITY_DN27196_c0_g1_i1|m.15893,3
TRINITY_DN27211_c0_g1_i1|m.15935,3
TRINITY_DN27212_c0_g1_i1|m.15942,15
TRINITY_DN27215_c0_g1_i1|m.15952,10
TRINITY_DN27246_c0_g2_i1|m.15916,4
TRINITY_DN27251_c0_g1_i1|m.16040,2
TRINITY_DN27262_c0_g1_i1|m.16042,11
TRINITY_DN27302_c0_g2_i1|m.16124,2
TRINITY_DN27317_c0_g2_i1|m.16166,5
TRINITY_DN27327_c0_g1_i1|m.16192,2
TRINITY_DN27342_c0_g1_i1|m.16109,3
TRINITY_DN27354_c0_g1_i1|m.16227,3
TRINITY_DN27357_c0_g1_i2|m.16259,5
TRINITY_DN27403_c0_g2_i1|m.16347,5
TRINITY_DN27410_c0_g1_i1|m.16348,4
TRINITY_DN27421_c0_g1_i1|m.16374,2
TRINITY_DN27429_c0_g1_i1|m.16398,5
TRINITY_DN27482_c0_g2_i1|m.16467,3
TRINITY_DN27488_c0_g1_i1|m.16478,10
TRINITY_DN27517_c0_g1_i1|m.16533,2
TRINITY_DN27546_c0_g1_i1|m.16584,5
TRINITY_DN27549_c0_g1_i1|m.16563,3
TRINITY_DN27551_c0_g1_i1|m.16536,2
TRINITY_DN27564_c0_g1_i1|m.16596,4
TRINITY_DN27586_c0_g2_i1|m.16646,11
TRINITY_DN27594_c2_g1_i1|m.16665,5
TRINITY_DN27626_c0_g1_i1|m.16836,10
TRINITY_DN27628_c0_g1_i1|m.16761,4
TRINITY_DN27643_c0_g1_i1|m.16668,2
TRINITY_DN27665_c0_g1_i2|m.16803,7
TRINITY_DN27665_c0_g1_i3|m.16804,3
TRINITY_DN27675_c0_g1_i3|m.16848,4
TRINITY_DN27677_c0_g1_i1|m.16856,5
TRINITY_DN27679_c0_g1_i2|m.16863,3
TRINITY_DN27691_c0_g1_i1|m.16870,3
TRINITY_DN27707_c0_g1_i1|m.16901,4
TRINITY_DN27728_c0_g1_i1|m.16944,10
TRINITY_DN27735_c0_g1_i1|m.16960,5
TRINITY_DN27765_c0_g1_i1|m.17020,2
TRINITY_DN27769_c1_g1_i1|m.17011,2
TRINITY_DN27788_c0_g1_i1|m.17053,5
TRINITY_DN27794_c0_g1_i1|m.17071,2
TRINITY_DN27824_c0_g1_i1|m.17228,8
TRINITY_DN27824_c1_g3_i1|m.17235,3
TRINITY_DN27824_c1_g4_i1|m.17237,10
TRINITY_DN27824_c1_g6_i1|m.17239,10
TRINITY_DN27836_c0_g1_i1|m.17218,11
TRINITY_DN27842_c0_g1_i1|m.17091,13
TRINITY_DN27844_c0_g1_i1|m.17161,3
TRINITY_DN27845_c0_g1_i1|m.17133,11
TRINITY_DN27857_c0_g1_i1|m.17273,11
TRINITY_DN27861_c0_g1_i1|m.17282,10
TRINITY_DN27862_c0_g1_i1|m.17285,10
TRINITY_DN27879_c0_g1_i1|m.17326,1
TRINITY_DN27907_c0_g1_i1|m.17418,4
TRINITY_DN27916_c0_g1_i1|m.17447,10
TRINITY_DN27928_c0_g1_i1|m.17460,10
TRINITY_DN27930_c0_g1_i1|m.17464,4
TRINITY_DN27938_c0_g1_i1|m.17477,3
TRINITY_DN27970_c0_g1_i1|m.17550,10
TRINITY_DN27983_c0_g1_i1|m.17574,10
TRINITY_DN27988_c0_g2_i1|m.17579,2
TRINITY_DN27988_c0_g2_i4|m.17584,3
TRINITY_DN27993_c0_g1_i1|m.17586,10
TRINITY_DN28027_c0_g2_i1|m.17673,13
TRINITY_DN28045_c0_g1_i1|m.17705,5
TRINITY_DN28075_c0_g1_i1|m.17753,10
TRINITY_DN28080_c0_g4_i1|m.17778,4
TRINITY_DN28085_c0_g1_i1|m.17765,8
TRINITY_DN28119_c0_g1_i1|m.17859,10
TRINITY_DN28135_c0_g1_i2|m.17916,2
TRINITY_DN28140_c0_g1_i1|m.17821,2
TRINITY_DN28156_c0_g1_i1|m.17928,4
TRINITY_DN28165_c0_g1_i1|m.17962,5
TRINITY_DN28169_c0_g1_i1|m.17968,2
TRINITY_DN28173_c0_g1_i1|m.17976,19
TRINITY_DN28185_c0_g1_i2|m.18009,10
TRINITY_DN28193_c0_g1_i1|m.18055,2
TRINITY_DN28223_c0_g1_i1|m.18132,8
TRINITY_DN28235_c0_g1_i1|m.18112,13
TRINITY_DN28243_c0_g1_i1|m.18162,10
TRINITY_DN28243_c0_g2_i1|m.18168,3
TRINITY_DN28250_c0_g1_i1|m.18171,2
TRINITY_DN28255_c0_g2_i2|m.18191,10
TRINITY_DN28255_c0_g3_i1|m.18199,3
TRINITY_DN28259_c0_g1_i1|m.18180,2
TRINITY_DN28259_c0_g1_i8|m.18186,10
TRINITY_DN28264_c1_g1_i1|m.18176,10
TRINITY_DN28276_c0_g1_i1|m.18221,2
TRINITY_DN28286_c0_g1_i1|m.18235,1
TRINITY_DN28298_c0_g1_i1|m.18273,3
TRINITY_DN28319_c0_g1_i1|m.18339,11
TRINITY_DN28324_c0_g1_i1|m.18353,5
TRINITY_DN28330_c0_g1_i1|m.18350,5
TRINITY_DN28334_c0_g1_i1|m.18371,2
TRINITY_DN28338_c0_g1_i1|m.18375,3
TRINITY_DN28341_c0_g1_i1|m.18319,5
TRINITY_DN28369_c0_g1_i1|m.18435,4
TRINITY_DN28377_c0_g1_i1|m.18445,3
TRINITY_DN28388_c0_g1_i1|m.18464,10
TRINITY_DN28394_c0_g1_i1|m.18490,9
TRINITY_DN28425_c0_g1_i1|m.18580,22
TRINITY_DN28432_c0_g1_i1|m.18608,8
TRINITY_DN28443_c0_g1_i1|m.18525,5
TRINITY_DN28448_c0_g2_i1|m.18625,10
TRINITY_DN28449_c0_g1_i1|m.18652,5
TRINITY_DN28460_c0_g1_i1|m.18660,4
TRINITY_DN28473_c0_g2_i1|m.18708,3
TRINITY_DN28503_c0_g1_i1|m.18763,5
TRINITY_DN28516_c0_g2_i1|m.18793,19
TRINITY_DN28529_c0_g1_i1|m.18819,5
TRINITY_DN28539_c0_g1_i1|m.18756,5
TRINITY_DN28554_c0_g1_i1|m.18850,10
TRINITY_DN28560_c0_g1_i1|m.18873,2
TRINITY_DN28587_c0_g1_i1|m.18931,2
TRINITY_DN28605_c0_g1_i10|m.18976,10
TRINITY_DN28605_c0_g1_i11|m.18977,2
TRINITY_DN28610_c0_g1_i1|m.18987,1
TRINITY_DN28620_c0_g1_i3|m.19004,3
TRINITY_DN28625_c0_g1_i1|m.19013,5
TRINITY_DN28629_c0_g3_i1|m.19073,3
TRINITY_DN28647_c0_g1_i1|m.19006,11
TRINITY_DN28650_c0_g1_i2|m.19107,5
TRINITY_DN28660_c0_g1_i1|m.19138,3
TRINITY_DN28661_c0_g1_i1|m.19144,5
TRINITY_DN28662_c0_g1_i1|m.18953,3
TRINITY_DN28676_c0_g1_i1|m.19173,19
TRINITY_DN28689_c0_g1_i1|m.19210,11
TRINITY_DN28690_c0_g1_i1|m.19212,5
TRINITY_DN28712_c0_g1_i1|m.19275,3
TRINITY_DN28716_c0_g1_i2|m.19282,4
TRINITY_DN28725_c0_g1_i1|m.19303,10
TRINITY_DN28732_c0_g3_i1|m.19332,3
TRINITY_DN28732_c1_g1_i3|m.19333,2
TRINITY_DN28738_c0_g1_i1|m.19326,11
TRINITY_DN28749_c0_g1_i1|m.19297,4
TRINITY_DN28753_c0_g1_i1|m.19378,3
TRINITY_DN28764_c0_g1_i2|m.19390,19
TRINITY_DN28764_c0_g2_i1|m.19391,19
TRINITY_DN28766_c0_g1_i1|m.19392,5
TRINITY_DN28773_c0_g1_i1|m.19412,21
TRINITY_DN28798_c0_g1_i1|m.19438,6
TRINITY_DN28819_c0_g1_i1|m.19481,5
TRINITY_DN28819_c0_g2_i1|m.19483,5
TRINITY_DN28820_c0_g2_i1|m.19493,5
TRINITY_DN28829_c0_g1_i1|m.19519,3
TRINITY_DN28832_c0_g1_i1|m.19524,3
TRINITY_DN28866_c0_g1_i1|m.19580,2
TRINITY_DN28881_c3_g6_i11|m.19692,18
TRINITY_DN28881_c3_g6_i2|m.19672,5
TRINITY_DN28881_c3_g6_i7|m.19683,2
TRINITY_DN28886_c0_g1_i1|m.19635,3
TRINITY_DN28896_c0_g1_i1|m.19637,5
TRINITY_DN28897_c0_g1_i2|m.19653,24
TRINITY_DN28907_c0_g1_i2|m.19748,13
TRINITY_DN28929_c0_g2_i1|m.19804,5
TRINITY_DN28947_c0_g1_i1|m.19878,3
TRINITY_DN28960_c0_g1_i1|m.19868,13
TRINITY_DN28964_c0_g1_i1|m.19871,15
TRINITY_DN28965_c0_g1_i1|m.19874,3
TRINITY_DN28972_c0_g1_i1|m.19909,3
TRINITY_DN28975_c0_g1_i1|m.19911,3
TRINITY_DN28978_c1_g1_i2|m.19920,3
TRINITY_DN28983_c0_g1_i2|m.19932,10
TRINITY_DN28993_c0_g1_i1|m.19960,2
TRINITY_DN29006_c0_g1_i1|m.19980,6
TRINITY_DN29012_c0_g1_i1|m.19995,3
TRINITY_DN29014_c0_g1_i1|m.19997,10
TRINITY_DN29029_c0_g1_i1|m.20030,4
TRINITY_DN29040_c0_g1_i1|m.20048,5
TRINITY_DN29040_c0_g2_i2|m.20051,14
TRINITY_DN29076_c0_g1_i1|m.20146,3
TRINITY_DN29087_c0_g2_i1|m.20152,2
TRINITY_DN29097_c0_g1_i2|m.20181,5
TRINITY_DN29103_c0_g1_i1|m.20212,2
TRINITY_DN29126_c0_g2_i1|m.20281,5
TRINITY_DN29134_c0_g1_i2|m.20286,10
TRINITY_DN29139_c0_g1_i1|m.20198,5
TRINITY_DN29140_c0_g1_i1|m.20298,2
TRINITY_DN29144_c0_g2_i1|m.20294,11
TRINITY_DN29175_c0_g1_i1|m.20370,5
TRINITY_DN29176_c0_g1_i1|m.20367,5
TRINITY_DN29187_c0_g1_i1|m.20387,3
TRINITY_DN29213_c3_g1_i1|m.20549,8
TRINITY_DN29221_c0_g1_i1|m.20490,2
TRINITY_DN29221_c0_g1_i3|m.20497,2
TRINITY_DN29223_c0_g2_i1|m.20522,16
TRINITY_DN29223_c0_g2_i3|m.20528,5
TRINITY_DN29224_c0_g1_i1|m.20517,5
TRINITY_DN29225_c0_g2_i1|m.20515,20
TRINITY_DN29228_c0_g1_i1|m.20539,5
TRINITY_DN29229_c0_g1_i1|m.20541,5
TRINITY_DN29243_c0_g1_i1|m.20591,3
TRINITY_DN29253_c0_g1_i1|m.20606,5
TRINITY_DN29256_c0_g4_i3|m.20623,22
TRINITY_DN29261_c0_g1_i1|m.20648,3
TRINITY_DN29277_c1_g1_i1|m.20725,3
TRINITY_DN29279_c0_g1_i1|m.20680,7
TRINITY_DN29282_c0_g1_i1|m.20419,2
TRINITY_DN29282_c0_g2_i1|m.20422,10
TRINITY_DN29288_c0_g1_i1|m.20704,10
TRINITY_DN29297_c0_g1_i2|m.20427,22
TRINITY_DN29308_c0_g2_i1|m.20777,10
TRINITY_DN29309_c0_g2_i1|m.20800,2
TRINITY_DN29338_c0_g1_i1|m.20863,11
TRINITY_DN29341_c0_g1_i1|m.20770,5
TRINITY_DN29356_c0_g2_i1|m.20932,10
TRINITY_DN29356_c1_g1_i1|m.20939,4
TRINITY_DN29359_c0_g1_i1|m.20959,2
TRINITY_DN29359_c0_g2_i1|m.20960,13
TRINITY_DN29363_c0_g5_i2|m.21039,3
TRINITY_DN29365_c0_g1_i1|m.20965,2
TRINITY_DN29366_c0_g2_i2|m.20878,5
TRINITY_DN29366_c0_g2_i4|m.20883,10
TRINITY_DN29366_c0_g2_i5|m.20886,2
TRINITY_DN29366_c0_g7_i1|m.20889,10
TRINITY_DN29393_c0_g1_i1|m.21105,8
TRINITY_DN29415_c0_g1_i1|m.21167,2
TRINITY_DN29431_c0_g1_i1|m.21223,3
TRINITY_DN29432_c0_g1_i1|m.21230,5
TRINITY_DN29435_c0_g2_i1|m.21268,3
TRINITY_DN29439_c0_g2_i1|m.21195,2
TRINITY_DN29439_c0_g2_i3|m.21201,10
TRINITY_DN29440_c0_g2_i1|m.21134,16
TRINITY_DN29453_c0_g7_i1|m.21287,3
TRINITY_DN29472_c2_g1_i2|m.21402,10
TRINITY_DN29474_c0_g1_i1|m.21187,2
TRINITY_DN29531_c0_g3_i1|m.21568,3
TRINITY_DN29544_c0_g3_i1|m.21617,16
TRINITY_DN29550_c0_g1_i1|m.21591,5
TRINITY_DN29550_c0_g1_i3|m.21592,10
TRINITY_DN29553_c0_g1_i1|m.21633,21
TRINITY_DN29554_c0_g1_i1|m.21646,5
TRINITY_DN29555_c0_g1_i1|m.21648,14
TRINITY_DN29557_c0_g1_i1|m.21654,4
TRINITY_DN29580_c0_g1_i1|m.21706,3
TRINITY_DN29593_c0_g1_i1|m.21747,2
TRINITY_DN29646_c0_g1_i1|m.21777,4
TRINITY_DN29663_c0_g1_i1|m.21928,4
TRINITY_DN29667_c0_g1_i1|m.21973,3
TRINITY_DN29675_c0_g1_i1|m.21999,2
TRINITY_DN29698_c0_g1_i1|m.21877,5
TRINITY_DN29698_c0_g2_i1|m.21878,4
TRINITY_DN29704_c0_g1_i1|m.22047,5
TRINITY_DN29732_c0_g1_i1|m.22039,3
TRINITY_DN29739_c0_g1_i1|m.22135,22
TRINITY_DN29740_c0_g1_i2|m.22037,5
TRINITY_DN29743_c1_g5_i1|m.22177,2
TRINITY_DN29754_c0_g1_i1|m.22145,5
TRINITY_DN29757_c0_g2_i1|m.22191,3
TRINITY_DN29757_c1_g1_i1|m.22194,3
TRINITY_DN29770_c0_g2_i1|m.22232,3
TRINITY_DN29770_c0_g2_i3|m.22235,5
TRINITY_DN29773_c0_g1_i1|m.22249,5
TRINITY_DN29790_c0_g1_i1|m.22296,9
TRINITY_DN29797_c0_g1_i2|m.22302,4
TRINITY_DN29803_c0_g1_i2|m.22368,4
TRINITY_DN29804_c0_g1_i1|m.22397,19
TRINITY_DN29804_c0_g1_i3|m.22400,19
TRINITY_DN29804_c0_g1_i4|m.22402,10
TRINITY_DN29808_c0_g1_i1|m.22411,4
TRINITY_DN29826_c0_g2_i1|m.22461,2
TRINITY_DN29828_c0_g1_i1|m.22470,6
TRINITY_DN29842_c4_g2_i1|m.22547,3
TRINITY_DN29848_c0_g1_i1|m.22538,10
TRINITY_DN29850_c0_g1_i1|m.22472,3
TRINITY_DN29856_c0_g1_i1|m.22534,10
TRINITY_DN29859_c0_g2_i3|m.22619,10
TRINITY_DN29865_c0_g1_i1|m.22567,10
TRINITY_DN29867_c0_g1_i1|m.22563,21
TRINITY_DN29884_c0_g2_i1|m.22630,19
TRINITY_DN29884_c0_g3_i1|m.22631,19
TRINITY_DN29889_c0_g1_i1|m.22667,2
TRINITY_DN29892_c0_g1_i1|m.22502,5
TRINITY_DN29913_c0_g2_i1|m.22729,10
TRINITY_DN29913_c0_g2_i2|m.22731,3
TRINITY_DN29940_c1_g5_i1|m.22880,10
TRINITY_DN29940_c1_g6_i3|m.22887,2
TRINITY_DN29945_c0_g1_i1|m.22761,5
TRINITY_DN29969_c0_g1_i1|m.22739,10
TRINITY_DN29972_c0_g1_i1|m.22901,21
TRINITY_DN29992_c0_g1_i6|m.22926,2
TRINITY_DN29995_c1_g1_i1|m.22936,5
TRINITY_DN29995_c2_g2_i1|m.22941,2
TRINITY_DN30000_c0_g1_i1|m.22965,11
TRINITY_DN30018_c0_g1_i1|m.23033,4
TRINITY_DN30019_c0_g1_i1|m.23049,5
TRINITY_DN30028_c0_g1_i1|m.23087,8
TRINITY_DN30033_c0_g1_i1|m.23081,3
TRINITY_DN30042_c1_g1_i1|m.23105,10
TRINITY_DN30060_c0_g1_i2|m.23185,10
TRINITY_DN30062_c0_g3_i4|m.23276,8
TRINITY_DN30082_c0_g2_i1|m.23226,1
TRINITY_DN30085_c0_g1_i1|m.23230,10
TRINITY_DN30094_c0_g2_i4|m.23119,17
TRINITY_DN30097_c0_g1_i1|m.23030,4
TRINITY_DN30101_c1_g1_i2|m.23411,11
TRINITY_DN30101_c1_g2_i1|m.23412,10
TRINITY_DN30116_c0_g1_i1|m.23455,15
TRINITY_DN30134_c2_g2_i1|m.23543,4
TRINITY_DN30148_c0_g2_i2|m.23727,4
TRINITY_DN30165_c1_g1_i1|m.23420,19
TRINITY_DN30165_c2_g1_i3|m.23437,10
TRINITY_DN30165_c2_g1_i4|m.23440,10
TRINITY_DN30165_c2_g1_i5|m.23443,10
TRINITY_DN30165_c2_g1_i6|m.23448,16
TRINITY_DN30176_c2_g1_i1|m.23650,2
TRINITY_DN30189_c0_g1_i1|m.23690,10
TRINITY_DN30189_c0_g1_i4|m.23704,10
TRINITY_DN30190_c0_g1_i1|m.23657,2
TRINITY_DN30194_c2_g2_i1|m.23739,21
TRINITY_DN30214_c1_g2_i1|m.23860,2
TRINITY_DN30214_c1_g2_i2|m.23862,2
TRINITY_DN30216_c0_g1_i1|m.23910,3
TRINITY_DN30225_c2_g1_i1|m.23847,5
TRINITY_DN30236_c0_g1_i1|m.23932,10
TRINITY_DN30236_c0_g1_i2|m.23934,2
TRINITY_DN30237_c0_g1_i2|m.24021,6
TRINITY_DN30240_c0_g3_i1|m.23755,11
TRINITY_DN30248_c0_g1_i2|m.24038,5
TRINITY_DN30257_c0_g1_i2|m.24089,3
TRINITY_DN30266_c0_g1_i1|m.24122,2
TRINITY_DN30271_c0_g1_i1|m.24123,2
TRINITY_DN30276_c0_g2_i3|m.24142,11
TRINITY_DN30276_c0_g3_i1|m.24146,18
TRINITY_DN30276_c0_g4_i1|m.24150,2
TRINITY_DN30281_c1_g1_i1|m.24130,4
TRINITY_DN30294_c0_g1_i1|m.24167,11
TRINITY_DN30301_c0_g1_i1|m.24241,10
TRINITY_DN30305_c0_g2_i6|m.24215,3
TRINITY_DN30313_c0_g1_i1|m.24253,3
TRINITY_DN30317_c0_g1_i1|m.24304,12
TRINITY_DN30317_c0_g1_i2|m.24305,10
TRINITY_DN30317_c1_g1_i2|m.24306,10
TRINITY_DN30317_c1_g1_i3|m.24307,2
TRINITY_DN30317_c1_g1_i4|m.24309,19
TRINITY_DN30322_c0_g1_i1|m.24278,3
TRINITY_DN30332_c0_g1_i1|m.24295,5
TRINITY_DN30335_c0_g1_i2|m.24301,10
TRINITY_DN30371_c0_g1_i1|m.24416,15
TRINITY_DN30392_c0_g6_i1|m.24270,5
TRINITY_DN30403_c0_g3_i2|m.24546,14
TRINITY_DN30404_c0_g1_i1|m.24544,5
TRINITY_DN30418_c0_g2_i1|m.24657,21
TRINITY_DN30418_c0_g4_i1|m.24661,4
TRINITY_DN30435_c0_g2_i2|m.24682,5
TRINITY_DN30440_c0_g1_i1|m.24686,2
TRINITY_DN30441_c0_g2_i1|m.24688,18
TRINITY_DN30443_c0_g1_i1|m.24552,2
TRINITY_DN30449_c0_g1_i1|m.24701,3
TRINITY_DN30453_c0_g1_i1|m.24834,19
TRINITY_DN30453_c0_g2_i1|m.24835,19
TRINITY_DN30453_c0_g2_i2|m.24840,10
TRINITY_DN30453_c0_g3_i1|m.24837,19
TRINITY_DN30453_c1_g2_i3|m.24844,10
TRINITY_DN30453_c1_g2_i4|m.24846,16
TRINITY_DN30453_c1_g3_i1|m.24848,3
TRINITY_DN30453_c1_g5_i1|m.24852,8
TRINITY_DN30453_c1_g6_i3|m.24858,18
TRINITY_DN30466_c0_g1_i10|m.24790,11
TRINITY_DN30483_c0_g1_i1|m.24891,5
TRINITY_DN30484_c0_g1_i1|m.24949,14
TRINITY_DN30496_c0_g1_i2|m.24941,5
TRINITY_DN30498_c0_g1_i1|m.24555,2
TRINITY_DN30499_c0_g1_i1|m.24945,5
TRINITY_DN30515_c0_g1_i1|m.25056,4
TRINITY_DN30520_c0_g1_i1|m.25064,5
TRINITY_DN30520_c0_g2_i1|m.25068,5
TRINITY_DN30520_c1_g2_i1|m.25072,19
TRINITY_DN30547_c0_g1_i1|m.25035,3
TRINITY_DN30547_c0_g1_i2|m.25036,10
TRINITY_DN30547_c0_g1_i6|m.25042,19
TRINITY_DN30547_c0_g1_i8|m.25045,19
TRINITY_DN30547_c0_g6_i1|m.25048,10
TRINITY_DN30569_c0_g1_i1|m.25274,3
TRINITY_DN30578_c0_g4_i1|m.25285,3
TRINITY_DN30591_c0_g1_i1|m.25327,15
TRINITY_DN30594_c1_g1_i1|m.25350,2
TRINITY_DN30612_c0_g1_i3|m.25433,10
TRINITY_DN30622_c0_g2_i11|m.25462,10
TRINITY_DN30624_c0_g1_i2|m.25438,5
TRINITY_DN30636_c0_g1_i1|m.25511,5
TRINITY_DN30637_c0_g1_i1|m.25544,3
TRINITY_DN30641_c0_g1_i1|m.25515,11
TRINITY_DN30671_c0_g1_i1|m.25611,21
TRINITY_DN30674_c0_g1_i1|m.25598,3
TRINITY_DN30676_c0_g5_i1|m.25633,10
TRINITY_DN30679_c1_g1_i2|m.25373,5
TRINITY_DN30708_c0_g1_i1|m.25778,10
TRINITY_DN30709_c0_g1_i1|m.25816,3
TRINITY_DN30712_c0_g1_i2|m.25798,5
TRINITY_DN30722_c0_g1_i1|m.25783,22
TRINITY_DN30744_c0_g1_i3|m.25722,3
TRINITY_DN30753_c0_g1_i1|m.25981,3
TRINITY_DN30759_c1_g1_i1|m.25971,3
TRINITY_DN30765_c0_g1_i1|m.25987,3
TRINITY_DN30775_c0_g1_i1|m.26009,11
TRINITY_DN30785_c0_g1_i1|m.26060,5
TRINITY_DN30786_c0_g1_i1|m.26058,2
TRINITY_DN30809_c0_g1_i1|m.26143,3
TRINITY_DN30833_c0_g2_i2|m.26224,5
TRINITY_DN30834_c0_g1_i1|m.26253,5
TRINITY_DN30846_c0_g2_i2|m.26257,10
TRINITY_DN30846_c0_g3_i1|m.26260,5
TRINITY_DN30846_c0_g6_i1|m.26266,2
TRINITY_DN30851_c0_g7_i1|m.26376,10
TRINITY_DN30851_c0_g7_i2|m.26377,10
TRINITY_DN30851_c0_g7_i3|m.26379,2
TRINITY_DN30851_c0_g8_i1|m.26378,3
TRINITY_DN30863_c0_g1_i1|m.26358,3
TRINITY_DN30864_c0_g1_i1|m.26296,3
TRINITY_DN30902_c0_g1_i2|m.26482,3
TRINITY_DN30904_c0_g1_i1|m.26525,2
TRINITY_DN30908_c0_g1_i1|m.26508,10
TRINITY_DN30924_c0_g1_i1|m.26552,22
TRINITY_DN30933_c0_g1_i1|m.26598,5
TRINITY_DN30934_c0_g1_i1|m.26627,5
TRINITY_DN30936_c0_g6_i1|m.26646,4
TRINITY_DN30967_c0_g1_i1|m.26734,5
TRINITY_DN30975_c0_g1_i1|m.26762,5
TRINITY_DN30998_c0_g1_i1|m.26488,5
TRINITY_DN31015_c0_g1_i1|m.26881,3
TRINITY_DN31022_c1_g1_i1|m.26883,3
TRINITY_DN31023_c0_g1_i3|m.26959,15
TRINITY_DN31054_c1_g1_i1|m.26993,2
TRINITY_DN31057_c0_g1_i1|m.26981,2
TRINITY_DN31064_c0_g1_i1|m.26994,3
TRINITY_DN31080_c0_g1_i1|m.27114,6
TRINITY_DN31088_c0_g1_i1|m.27072,3
TRINITY_DN31094_c0_g3_i1|m.27098,2
TRINITY_DN31095_c0_g1_i2|m.27131,1
TRINITY_DN31099_c0_g1_i1|m.27119,10
TRINITY_DN31112_c0_g1_i4|m.27205,22
TRINITY_DN31119_c0_g1_i1|m.27281,4
TRINITY_DN31120_c0_g1_i1|m.27273,4
TRINITY_DN31138_c0_g4_i1|m.27349,5
TRINITY_DN31140_c0_g1_i1|m.27358,5
TRINITY_DN31142_c1_g3_i1|m.27356,21
TRINITY_DN31167_c2_g1_i2|m.27487,3
TRINITY_DN31167_c2_g1_i3|m.27489,3
TRINITY_DN31175_c0_g3_i7|m.27493,2
TRINITY_DN31182_c0_g2_i1|m.27530,21
TRINITY_DN31184_c0_g1_i1|m.27467,10
TRINITY_DN31194_c1_g3_i1|m.27574,5
TRINITY_DN31195_c0_g1_i1|m.27169,5
TRINITY_DN31202_c0_g1_i1|m.27626,2
TRINITY_DN31205_c0_g1_i1|m.27620,21
TRINITY_DN31213_c0_g1_i1|m.27694,2
TRINITY_DN31216_c0_g1_i2|m.27679,5
TRINITY_DN31222_c0_g1_i1|m.27742,5
TRINITY_DN31231_c0_g3_i2|m.27755,5
TRINITY_DN31233_c0_g2_i4|m.27767,3
TRINITY_DN31239_c0_g1_i1|m.27777,10
TRINITY_DN31257_c0_g1_i1|m.27834,11
TRINITY_DN31263_c1_g1_i1|m.27835,2
TRINITY_DN31268_c0_g1_i1|m.27880,14
TRINITY_DN31273_c4_g2_i2|m.27908,3
TRINITY_DN31273_c4_g2_i8|m.27918,6
TRINITY_DN31275_c0_g1_i4|m.28022,21
TRINITY_DN31279_c0_g1_i1|m.27923,19
TRINITY_DN31284_c0_g1_i2|m.28014,4
TRINITY_DN31290_c0_g2_i1|m.27977,2
TRINITY_DN31290_c0_g5_i1|m.27978,10
TRINITY_DN31290_c0_g6_i2|m.27983,10
TRINITY_DN31290_c0_g8_i1|m.27988,10
TRINITY_DN31290_c0_g8_i4|m.27994,2
TRINITY_DN31294_c0_g2_i1|m.28031,3
TRINITY_DN31303_c0_g2_i1|m.28093,5
TRINITY_DN31310_c0_g1_i1|m.28084,11
TRINITY_DN31310_c0_g1_i3|m.28086,5
TRINITY_DN31314_c0_g1_i1|m.28135,4
TRINITY_DN31322_c0_g1_i1|m.28178,11
TRINITY_DN31326_c0_g1_i1|m.28133,4
TRINITY_DN31327_c0_g1_i1|m.28180,21
TRINITY_DN31328_c0_g1_i2|m.28250,10
TRINITY_DN31337_c1_g3_i2|m.28256,10
TRINITY_DN31353_c0_g2_i1|m.28329,2
TRINITY_DN31353_c0_g3_i2|m.28349,10
TRINITY_DN31357_c0_g3_i6|m.28464,19
TRINITY_DN31370_c0_g2_i1|m.28322,3
TRINITY_DN31370_c0_g2_i2|m.28326,5
TRINITY_DN31386_c0_g1_i2|m.28453,2
TRINITY_DN31399_c0_g3_i3|m.28174,9
TRINITY_DN31401_c0_g1_i1|m.28518,21
TRINITY_DN31407_c0_g1_i1|m.28513,2
TRINITY_DN31417_c0_g2_i1|m.28580,2
TRINITY_DN31417_c0_g2_i4|m.28595,3
TRINITY_DN31425_c0_g1_i1|m.28617,5
TRINITY_DN31442_c1_g2_i1|m.28493,5
TRINITY_DN31442_c1_g6_i2|m.28498,5
TRINITY_DN31442_c1_g7_i4|m.28499,3
TRINITY_DN31451_c0_g1_i1|m.28572,21
TRINITY_DN31454_c0_g2_i1|m.28830,3
TRINITY_DN31469_c0_g1_i1|m.28856,11
TRINITY_DN31470_c5_g1_i2|m.28921,4
TRINITY_DN31470_c5_g1_i3|m.28924,5
TRINITY_DN31475_c0_g1_i3|m.28888,10
TRINITY_DN31477_c0_g1_i2|m.28892,7
TRINITY_DN31480_c2_g1_i4|m.29026,10
TRINITY_DN31480_c2_g1_i6|m.29031,3
TRINITY_DN31480_c2_g1_i8|m.29036,10
TRINITY_DN31480_c2_g2_i1|m.29042,10
TRINITY_DN31480_c2_g6_i1|m.29043,2
TRINITY_DN31490_c0_g1_i1|m.28979,5
TRINITY_DN31490_c0_g2_i1|m.28980,3
TRINITY_DN31490_c0_g3_i1|m.28983,2
TRINITY_DN31493_c0_g1_i1|m.29010,4
TRINITY_DN31500_c0_g1_i1|m.29116,3
TRINITY_DN31518_c0_g7_i3|m.29253,4
TRINITY_DN31541_c0_g1_i1|m.29327,18
TRINITY_DN31555_c0_g1_i1|m.29377,1
TRINITY_DN31559_c0_g1_i2|m.29537,6
TRINITY_DN31563_c0_g1_i1|m.29381,11
TRINITY_DN31595_c1_g2_i1|m.29534,2
TRINITY_DN31598_c0_g1_i1|m.29557,4
TRINITY_DN31604_c0_g1_i1|m.29771,22
TRINITY_DN31621_c0_g1_i5|m.29866,10
TRINITY_DN31626_c0_g1_i1|m.29730,3
TRINITY_DN31635_c0_g1_i1|m.29820,2
TRINITY_DN31642_c0_g5_i2|m.29652,2
TRINITY_DN31643_c0_g1_i1|m.29852,22
TRINITY_DN31648_c0_g1_i1|m.29885,10
TRINITY_DN31648_c0_g1_i5|m.29895,11
TRINITY_DN31661_c0_g1_i1|m.29915,10
TRINITY_DN31670_c0_g1_i2|m.29941,3
TRINITY_DN31692_c0_g4_i2|m.30020,18
TRINITY_DN31692_c0_g4_i3|m.30021,4
TRINITY_DN31700_c0_g1_i1|m.30058,3
TRINITY_DN31706_c0_g1_i1|m.30069,1
TRINITY_DN31713_c0_g2_i1|m.30170,3
TRINITY_DN31720_c0_g1_i3|m.30098,4
TRINITY_DN31735_c2_g8_i1|m.30200,7
TRINITY_DN31735_c2_g8_i2|m.30203,2
TRINITY_DN31736_c0_g2_i1|m.30052,2
TRINITY_DN31737_c0_g1_i1|m.30179,5
TRINITY_DN31744_c0_g1_i1|m.30187,3
TRINITY_DN31745_c0_g1_i1|m.30056,2
TRINITY_DN31747_c1_g1_i1|m.30054,3
TRINITY_DN31749_c0_g1_i1|m.30233,11
TRINITY_DN31759_c0_g1_i1|m.30258,4
TRINITY_DN31769_c0_g3_i1|m.30260,5
TRINITY_DN31792_c0_g1_i1|m.30377,3
TRINITY_DN31792_c0_g2_i11|m.30448,3
TRINITY_DN31793_c0_g1_i3|m.30339,21
TRINITY_DN31806_c0_g2_i1|m.30631,22
TRINITY_DN31810_c0_g1_i1|m.30650,5
TRINITY_DN31818_c0_g1_i1|m.30707,1
TRINITY_DN31837_c0_g5_i1|m.30735,3
TRINITY_DN31841_c0_g2_i1|m.30577,5
TRINITY_DN31848_c0_g1_i5|m.30663,13
TRINITY_DN31853_c0_g1_i1|m.30767,5
TRINITY_DN31859_c0_g1_i1|m.30772,10
TRINITY_DN31859_c0_g1_i4|m.30777,10
TRINITY_DN31861_c0_g3_i1|m.30879,4
TRINITY_DN31871_c0_g5_i1|m.30855,5
TRINITY_DN31891_c0_g2_i2|m.30915,19
TRINITY_DN31898_c0_g1_i1|m.30933,9
TRINITY_DN31906_c1_g1_i1|m.31034,10
TRINITY_DN31906_c1_g2_i1|m.31038,2
TRINITY_DN31906_c1_g3_i1|m.31040,19
TRINITY_DN31906_c1_g7_i1|m.31043,10
TRINITY_DN31906_c1_g7_i3|m.31047,10
TRINITY_DN31906_c1_g7_i5|m.31049,10
TRINITY_DN31906_c1_g7_i6|m.31052,3
TRINITY_DN31906_c1_g7_i8|m.31057,19
TRINITY_DN31919_c0_g1_i1|m.31064,5
TRINITY_DN31929_c0_g1_i1|m.31115,9
TRINITY_DN31936_c1_g8_i2|m.30950,10
TRINITY_DN31936_c1_g9_i3|m.30955,10
TRINITY_DN31938_c0_g1_i1|m.31129,5
TRINITY_DN31940_c0_g1_i2|m.30983,15
TRINITY_DN31947_c0_g4_i1|m.30992,4
TRINITY_DN31953_c0_g1_i1|m.31276,11
TRINITY_DN31955_c0_g1_i1|m.31220,5
TRINITY_DN31957_c0_g2_i1|m.31282,11
TRINITY_DN31965_c0_g1_i1|m.31303,14
TRINITY_DN31978_c0_g1_i1|m.31359,5
TRINITY_DN31978_c0_g2_i1|m.31363,5
TRINITY_DN31979_c0_g5_i1|m.31350,2
TRINITY_DN31985_c0_g1_i1|m.31368,5
TRINITY_DN31986_c0_g1_i1|m.31382,11
TRINITY_DN31986_c1_g1_i1|m.31384,4
TRINITY_DN31991_c1_g2_i1|m.31432,3
TRINITY_DN31992_c1_g2_i3|m.31433,5
TRINITY_DN31999_c0_g1_i1|m.31439,19
TRINITY_DN32044_c0_g1_i1|m.31656,5
TRINITY_DN32050_c0_g3_i1|m.31691,5
TRINITY_DN32055_c0_g1_i1|m.31511,4
TRINITY_DN32057_c0_g2_i1|m.31759,19
TRINITY_DN32057_c0_g5_i1|m.31762,19
TRINITY_DN32057_c0_g5_i2|m.31766,10
TRINITY_DN32057_c0_g5_i5|m.31771,19
TRINITY_DN32060_c1_g5_i4|m.31786,5
TRINITY_DN32071_c0_g1_i1|m.31804,3
TRINITY_DN32082_c0_g1_i1|m.31885,2
TRINITY_DN32085_c0_g1_i1|m.31847,3
TRINITY_DN32085_c0_g2_i1|m.31850,3
TRINITY_DN32088_c4_g1_i1|m.31966,3
TRINITY_DN32096_c0_g1_i1|m.31930,3
TRINITY_DN32104_c2_g1_i2|m.32007,6
TRINITY_DN32107_c0_g3_i2|m.32016,5
TRINITY_DN32111_c0_g2_i1|m.32065,3
TRINITY_DN32111_c0_g2_i4|m.32069,10
TRINITY_DN32111_c0_g2_i5|m.32070,3
TRINITY_DN32111_c0_g2_i7|m.32072,10
TRINITY_DN32113_c0_g1_i1|m.32123,5
TRINITY_DN32118_c1_g1_i1|m.32075,14
TRINITY_DN32122_c0_g1_i1|m.32185,11
TRINITY_DN32128_c0_g4_i1|m.32161,10
TRINITY_DN32129_c0_g2_i1|m.32145,16
TRINITY_DN32131_c0_g1_i2|m.32198,3
TRINITY_DN32131_c0_g1_i4|m.32201,10
TRINITY_DN32131_c0_g1_i5|m.32204,2
TRINITY_DN32131_c0_g1_i7|m.32209,2
TRINITY_DN32140_c0_g1_i1|m.31994,5
TRINITY_DN32140_c0_g3_i1|m.32002,14
TRINITY_DN32141_c0_g3_i1|m.32021,2
TRINITY_DN32150_c1_g1_i1|m.32265,10
TRINITY_DN32150_c1_g1_i2|m.32268,2
TRINITY_DN32150_c2_g1_i1|m.32271,10
TRINITY_DN32165_c0_g1_i6|m.32332,3
TRINITY_DN32168_c0_g1_i3|m.32309,4
TRINITY_DN32176_c0_g1_i1|m.32311,2
TRINITY_DN32178_c0_g1_i1|m.32531,8
TRINITY_DN32182_c0_g1_i1|m.32540,3
TRINITY_DN32182_c0_g1_i3|m.32542,3
TRINITY_DN32190_c0_g1_i1|m.32550,13
TRINITY_DN32199_c0_g1_i1|m.32093,3
TRINITY_DN32199_c0_g1_i3|m.32096,3
TRINITY_DN32199_c0_g4_i1|m.32104,2
TRINITY_DN32207_c0_g2_i1|m.32642,9
TRINITY_DN32212_c0_g1_i1|m.32683,2
TRINITY_DN32235_c0_g1_i1|m.32789,22
TRINITY_DN32238_c0_g1_i1|m.32896,13
TRINITY_DN32243_c0_g1_i2|m.32881,5
TRINITY_DN32247_c0_g1_i1|m.32899,22
TRINITY_DN32257_c0_g1_i1|m.32930,4
TRINITY_DN32258_c0_g1_i1|m.32938,10
TRINITY_DN32261_c2_g8_i1|m.33005,5
TRINITY_DN32273_c2_g1_i2|m.33062,4
TRINITY_DN32277_c0_g2_i1|m.33179,6
TRINITY_DN32280_c0_g1_i1|m.33089,10
TRINITY_DN32280_c0_g2_i1|m.33092,19
TRINITY_DN32281_c0_g3_i1|m.33074,6
TRINITY_DN32288_c0_g1_i1|m.33153,10
TRINITY_DN32288_c0_g1_i2|m.33158,2
TRINITY_DN32306_c0_g1_i3|m.33311,5
TRINITY_DN32318_c0_g1_i1|m.33390,3
TRINITY_DN32318_c0_g4_i1|m.33393,3
TRINITY_DN32324_c0_g1_i1|m.33502,3
TRINITY_DN32338_c0_g1_i2|m.33470,3
TRINITY_DN32352_c0_g1_i2|m.33246,5
TRINITY_DN32356_c0_g1_i1|m.33527,24
TRINITY_DN32361_c0_g1_i2|m.33808,4
TRINITY_DN32365_c0_g1_i1|m.33607,2
TRINITY_DN32384_c0_g4_i1|m.33767,21
TRINITY_DN32394_c0_g3_i1|m.33779,14
TRINITY_DN32404_c0_g1_i2|m.33885,10
TRINITY_DN32404_c0_g1_i3|m.33888,7
TRINITY_DN32406_c0_g1_i1|m.33914,5
TRINITY_DN32428_c1_g1_i11|m.34107,2
TRINITY_DN32435_c0_g1_i1|m.34077,2
TRINITY_DN32436_c4_g6_i2|m.34182,3
TRINITY_DN32449_c0_g1_i1|m.34192,5
TRINITY_DN32450_c0_g1_i1|m.34210,14
TRINITY_DN32467_c0_g1_i10|m.34269,2
TRINITY_DN32468_c3_g1_i1|m.34322,2
TRINITY_DN32470_c0_g1_i1|m.33930,21
TRINITY_DN32474_c2_g6_i10|m.34339,5
TRINITY_DN32492_c0_g1_i1|m.34429,5
TRINITY_DN32493_c0_g1_i1|m.34441,4
TRINITY_DN32512_c0_g1_i1|m.34609,10
TRINITY_DN32513_c0_g6_i3|m.34643,2
TRINITY_DN32513_c1_g4_i1|m.34644,5
TRINITY_DN32515_c0_g1_i1|m.34596,10
TRINITY_DN32524_c0_g1_i1|m.34680,11
TRINITY_DN32525_c1_g1_i1|m.34663,5
TRINITY_DN32536_c0_g1_i1|m.34740,5
TRINITY_DN32546_c0_g1_i2|m.34559,14
TRINITY_DN32546_c0_g2_i1|m.34567,11
TRINITY_DN32547_c0_g1_i1|m.34787,5
TRINITY_DN32552_c0_g2_i2|m.34764,18
TRINITY_DN32552_c0_g2_i3|m.34765,5
TRINITY_DN32552_c0_g3_i1|m.34769,10
TRINITY_DN32556_c0_g1_i2|m.34791,5
TRINITY_DN32574_c0_g1_i1|m.34882,5
TRINITY_DN32580_c0_g1_i2|m.34947,4
TRINITY_DN32590_c1_g1_i1|m.34937,5
TRINITY_DN32595_c0_g1_i1|m.34512,5
TRINITY_DN32600_c0_g1_i1|m.35026,4
TRINITY_DN32611_c1_g4_i1|m.35108,2
TRINITY_DN32613_c0_g1_i1|m.35107,2
TRINITY_DN32615_c0_g2_i2|m.35118,2
TRINITY_DN32626_c0_g1_i1|m.35012,3
TRINITY_DN32639_c0_g1_i1|m.35229,5
TRINITY_DN32651_c0_g1_i1|m.35293,7
TRINITY_DN32655_c1_g1_i1|m.35398,2
TRINITY_DN32659_c0_g1_i1|m.35536,4
TRINITY_DN32663_c0_g1_i1|m.35410,4
TRINITY_DN32680_c0_g1_i1|m.35440,6
TRINITY_DN32680_c0_g1_i2|m.35443,14
TRINITY_DN32680_c0_g1_i3|m.35446,2
TRINITY_DN32694_c0_g2_i3|m.35237,5
TRINITY_DN32705_c1_g1_i1|m.35610,3
TRINITY_DN32714_c0_g4_i1|m.35661,3
TRINITY_DN32716_c0_g1_i1|m.35696,5
TRINITY_DN32720_c0_g1_i2|m.35702,11
TRINITY_DN32720_c0_g1_i2|m.35703,15
TRINITY_DN32738_c0_g2_i1|m.35620,7
TRINITY_DN32751_c4_g2_i1|m.35889,13
TRINITY_DN32766_c0_g1_i2|m.36021,5
TRINITY_DN32766_c0_g2_i1|m.36022,3
TRINITY_DN32776_c6_g1_i1|m.35782,1
TRINITY_DN32782_c0_g1_i2|m.36057,5
TRINITY_DN32786_c0_g1_i1|m.36098,3
TRINITY_DN32793_c0_g2_i1|m.36099,4
TRINITY_DN32814_c0_g1_i2|m.36268,1
TRINITY_DN32821_c0_g1_i1|m.36248,22
TRINITY_DN32823_c0_g1_i1|m.36299,5
TRINITY_DN32839_c0_g1_i1|m.36325,1
TRINITY_DN32858_c0_g1_i1|m.36388,6
TRINITY_DN32875_c0_g1_i1|m.36514,4
TRINITY_DN32888_c2_g1_i2|m.36536,3
TRINITY_DN32891_c0_g8_i4|m.36619,2
TRINITY_DN32892_c0_g1_i1|m.36553,2
TRINITY_DN32893_c0_g1_i1|m.36600,5
TRINITY_DN32907_c0_g1_i1|m.36728,3
TRINITY_DN32930_c1_g1_i1|m.36880,5
TRINITY_DN32936_c0_g1_i2|m.36625,3
TRINITY_DN32936_c0_g1_i3|m.36627,3
TRINITY_DN32936_c0_g1_i6|m.36630,3
TRINITY_DN32939_c0_g2_i2|m.36906,7
TRINITY_DN32940_c0_g1_i1|m.36720,4
TRINITY_DN32950_c0_g1_i4|m.36954,2
TRINITY_DN32950_c0_g1_i7|m.36961,5
TRINITY_DN32952_c0_g1_i1|m.36913,9
TRINITY_DN32960_c0_g1_i1|m.36933,5
TRINITY_DN32962_c0_g1_i1|m.36944,3
TRINITY_DN32971_c0_g1_i1|m.36996,19
TRINITY_DN32971_c0_g2_i2|m.37001,2
TRINITY_DN32975_c0_g1_i2|m.37042,25
TRINITY_DN32977_c0_g1_i1|m.36965,22
TRINITY_DN32980_c0_g2_i1|m.37034,5
TRINITY_DN32984_c0_g1_i1|m.36989,3
TRINITY_DN32997_c0_g1_i1|m.37057,1
TRINITY_DN33011_c0_g1_i3|m.37115,10
TRINITY_DN33023_c2_g3_i3|m.37245,6
TRINITY_DN33024_c0_g1_i1|m.37202,5
TRINITY_DN33028_c1_g1_i1|m.37233,5
TRINITY_DN33052_c0_g1_i3|m.37443,10
TRINITY_DN33052_c0_g1_i4|m.37445,10
TRINITY_DN33057_c0_g2_i2|m.37416,9
TRINITY_DN33066_c0_g1_i1|m.37432,4
TRINITY_DN33068_c2_g6_i1|m.37570,10
TRINITY_DN33074_c0_g1_i1|m.37495,14
TRINITY_DN33075_c2_g6_i1|m.37491,10
TRINITY_DN33076_c0_g1_i1|m.37560,5
TRINITY_DN33084_c0_g2_i1|m.37591,3
TRINITY_DN33088_c0_g1_i1|m.37655,3
TRINITY_DN33093_c0_g1_i3|m.37098,3
TRINITY_DN33094_c0_g1_i1|m.37659,2
TRINITY_DN33103_c0_g2_i1|m.37720,3
TRINITY_DN33115_c0_g1_i1|m.37773,5
TRINITY_DN33139_c0_g1_i1|m.37935,15
TRINITY_DN33155_c0_g2_i2|m.38056,10
TRINITY_DN33168_c1_g2_i1|m.38019,10
TRINITY_DN33168_c1_g3_i1|m.38020,10
TRINITY_DN33168_c1_g6_i1|m.38023,2
TRINITY_DN33168_c1_g8_i1|m.38025,8
TRINITY_DN33178_c0_g3_i12|m.38212,5
TRINITY_DN33203_c1_g2_i3|m.38318,3
TRINITY_DN33220_c3_g2_i1|m.38437,3
TRINITY_DN33224_c0_g2_i2|m.38459,10
TRINITY_DN33224_c0_g2_i8|m.38470,10
TRINITY_DN33226_c3_g1_i1|m.38712,4
TRINITY_DN33247_c0_g1_i1|m.38758,1
TRINITY_DN33273_c0_g2_i2|m.38901,3
TRINITY_DN33273_c0_g2_i5|m.38905,15
TRINITY_DN33273_c0_g4_i1|m.38896,5
TRINITY_DN33274_c0_g1_i1|m.38888,2
TRINITY_DN33274_c0_g1_i2|m.38889,10
TRINITY_DN33282_c0_g1_i8|m.39125,10
TRINITY_DN33299_c0_g1_i2|m.39158,5
TRINITY_DN33308_c0_g1_i1|m.39373,11
TRINITY_DN33313_c0_g2_i1|m.39293,3
TRINITY_DN33316_c0_g1_i1|m.39307,2
TRINITY_DN33321_c0_g1_i3|m.39521,4
TRINITY_DN33343_c1_g1_i1|m.39471,3
TRINITY_DN33348_c0_g1_i3|m.39587,3
TRINITY_DN33349_c0_g1_i1|m.39568,3
TRINITY_DN33350_c0_g2_i1|m.39221,5
TRINITY_DN33368_c0_g3_i1|m.39675,3
TRINITY_DN33374_c0_g1_i1|m.39662,4
TRINITY_DN33375_c0_g1_i2|m.39711,5
TRINITY_DN33376_c2_g1_i2|m.39839,20
TRINITY_DN33378_c0_g3_i10|m.39811,13
TRINITY_DN33381_c1_g2_i1|m.39723,3
TRINITY_DN33410_c0_g1_i1|m.39938,2
TRINITY_DN33415_c0_g1_i2|m.39977,5
TRINITY_DN33433_c3_g2_i3|m.40082,11
TRINITY_DN33444_c1_g2_i13|m.40281,18
TRINITY_DN33444_c1_g2_i3|m.40184,3
TRINITY_DN33444_c1_g3_i1|m.40312,12
TRINITY_DN33449_c1_g3_i2|m.40355,16
TRINITY_DN33449_c3_g3_i1|m.40359,3
TRINITY_DN33450_c0_g1_i1|m.40148,2
TRINITY_DN33450_c0_g1_i2|m.40150,13
TRINITY_DN33478_c1_g1_i1|m.40536,5
TRINITY_DN33493_c0_g1_i1|m.40124,4
TRINITY_DN33494_c0_g1_i2|m.40613,2
TRINITY_DN33500_c0_g1_i1|m.40713,1
TRINITY_DN33506_c0_g2_i1|m.40689,5
TRINITY_DN33558_c2_g2_i1|m.41122,5
TRINITY_DN33559_c0_g1_i1|m.41104,2
TRINITY_DN33559_c0_g1_i2|m.41106,3
TRINITY_DN33559_c0_g1_i3|m.41109,19
TRINITY_DN33559_c0_g1_i4|m.41112,3
TRINITY_DN33572_c1_g3_i1|m.41230,3
TRINITY_DN33579_c0_g2_i3|m.41213,2
TRINITY_DN33581_c0_g5_i2|m.41158,5
TRINITY_DN33596_c0_g3_i1|m.40995,3
TRINITY_DN33596_c0_g5_i2|m.41006,21
TRINITY_DN33621_c0_g1_i1|m.41566,4
TRINITY_DN33627_c1_g1_i1|m.41573,5
TRINITY_DN33631_c0_g1_i10|m.41647,3
TRINITY_DN33634_c0_g4_i4|m.41682,3
TRINITY_DN33650_c0_g1_i1|m.41726,2
TRINITY_DN33650_c0_g1_i2|m.41728,3
TRINITY_DN33650_c1_g1_i1|m.41730,10
TRINITY_DN33650_c1_g1_i2|m.41732,3
TRINITY_DN33650_c2_g1_i1|m.41734,10
TRINITY_DN33651_c0_g1_i1|m.41720,3
TRINITY_DN33676_c0_g4_i2|m.41954,19
TRINITY_DN33676_c0_g4_i3|m.41957,19
TRINITY_DN33676_c0_g4_i4|m.41958,10
TRINITY_DN33676_c0_g4_i5|m.41962,10
TRINITY_DN33682_c0_g2_i1|m.41969,5
TRINITY_DN33683_c0_g2_i1|m.41992,5
TRINITY_DN33715_c0_g1_i1|m.42176,5
TRINITY_DN33732_c0_g1_i1|m.42312,2
TRINITY_DN33747_c1_g3_i3|m.42103,2
TRINITY_DN33747_c1_g3_i4|m.42104,2
TRINITY_DN33758_c0_g1_i2|m.42457,5
TRINITY_DN33759_c2_g5_i1|m.42470,10
TRINITY_DN33759_c2_g5_i2|m.42471,23
TRINITY_DN33764_c1_g1_i1|m.42493,2
TRINITY_DN33764_c1_g1_i4|m.42505,10
TRINITY_DN33773_c0_g3_i2|m.42346,8
TRINITY_DN33773_c0_g3_i3|m.42350,5
TRINITY_DN33784_c1_g1_i1|m.42788,5
TRINITY_DN33789_c1_g3_i1|m.42740,3
TRINITY_DN33789_c1_g4_i1|m.42742,4
TRINITY_DN33792_c0_g1_i1|m.42782,2
TRINITY_DN33825_c0_g1_i2|m.43127,5
TRINITY_DN33840_c0_g2_i7|m.43249,10
TRINITY_DN33847_c0_g2_i2|m.43272,4
TRINITY_DN33856_c0_g1_i2|m.43237,10
TRINITY_DN33856_c0_g1_i3|m.43239,10
TRINITY_DN33859_c1_g6_i1|m.43298,2
TRINITY_DN33881_c0_g3_i2|m.43383,13
TRINITY_DN33881_c0_g3_i4|m.43389,10
TRINITY_DN33881_c0_g4_i1|m.43392,10
TRINITY_DN33890_c0_g1_i3|m.43493,4
TRINITY_DN33922_c1_g1_i4|m.43878,4
TRINITY_DN33934_c0_g2_i1|m.43859,22
TRINITY_DN33940_c0_g1_i1|m.43543,3
TRINITY_DN33942_c1_g2_i3|m.43545,21
TRINITY_DN33965_c2_g7_i3|m.44063,5
TRINITY_DN33966_c0_g1_i1|m.44132,20
TRINITY_DN33979_c0_g1_i1|m.44154,3
TRINITY_DN33997_c0_g2_i1|m.44242,21
TRINITY_DN34002_c0_g2_i1|m.44324,5
TRINITY_DN34005_c0_g2_i1|m.44340,4
TRINITY_DN34009_c0_g2_i2|m.44359,2
TRINITY_DN34009_c0_g6_i3|m.44361,3
TRINITY_DN34009_c0_g7_i1|m.44362,12
TRINITY_DN34017_c0_g1_i1|m.44445,5
TRINITY_DN34048_c0_g1_i1|m.44647,5
TRINITY_DN34049_c0_g2_i1|m.44596,3
TRINITY_DN34058_c0_g1_i1|m.44670,14
TRINITY_DN34058_c0_g1_i2|m.44672,4
TRINITY_DN34067_c0_g1_i1|m.44854,2
TRINITY_DN34077_c0_g2_i1|m.44898,13
TRINITY_DN34084_c0_g1_i1|m.44907,3
TRINITY_DN34084_c0_g2_i1|m.44909,14
TRINITY_DN34086_c0_g1_i1|m.44272,10
TRINITY_DN34086_c0_g1_i3|m.44278,5
TRINITY_DN34086_c0_g2_i1|m.44274,2
TRINITY_DN34088_c0_g2_i1|m.44932,4
TRINITY_DN34098_c0_g6_i2|m.44581,3
TRINITY_DN34113_c0_g1_i1|m.45067,2
TRINITY_DN34113_c0_g4_i10|m.45091,3
TRINITY_DN34129_c0_g1_i1|m.45204,4
TRINITY_DN34130_c0_g8_i8|m.45168,10
TRINITY_DN34130_c0_g8_i9|m.45170,10
TRINITY_DN34133_c1_g2_i5|m.44978,5
TRINITY_DN34143_c0_g1_i1|m.45290,2
TRINITY_DN34143_c2_g2_i1|m.45292,19
TRINITY_DN34143_c3_g1_i1|m.45293,10
TRINITY_DN34143_c3_g1_i10|m.45304,2
TRINITY_DN34143_c3_g1_i4|m.45298,2
TRINITY_DN34143_c3_g1_i5|m.45299,10
TRINITY_DN34143_c3_g1_i6|m.45300,10
TRINITY_DN34143_c3_g1_i8|m.45302,10
TRINITY_DN34143_c3_g1_i9|m.45303,10
TRINITY_DN34143_c3_g3_i1|m.45305,19
TRINITY_DN34151_c0_g1_i2|m.45332,2
TRINITY_DN34154_c0_g3_i2|m.45342,5
TRINITY_DN34160_c0_g3_i1|m.45450,3
TRINITY_DN34160_c0_g3_i2|m.45451,2
TRINITY_DN34165_c1_g2_i2|m.45469,3
TRINITY_DN34167_c0_g1_i1|m.45503,13
TRINITY_DN34170_c0_g8_i1|m.45492,18
TRINITY_DN34180_c0_g1_i1|m.45589,5
TRINITY_DN34186_c0_g1_i1|m.45567,22
TRINITY_DN34194_c0_g1_i1|m.45667,5
TRINITY_DN34196_c0_g2_i1|m.45678,5
TRINITY_DN34197_c0_g1_i4|m.45674,4
TRINITY_DN34202_c0_g2_i1|m.45769,3
TRINITY_DN34212_c0_g1_i1|m.45765,5
TRINITY_DN34216_c0_g1_i1|m.45800,20
TRINITY_DN34221_c0_g2_i1|m.45876,5
TRINITY_DN34234_c0_g1_i1|m.45951,22
TRINITY_DN34262_c0_g2_i1|m.46245,3
TRINITY_DN34263_c0_g1_i5|m.46273,5
TRINITY_DN34265_c0_g1_i2|m.46111,2
TRINITY_DN34274_c0_g2_i5|m.46354,4
TRINITY_DN34279_c0_g1_i3|m.46326,3
TRINITY_DN34283_c1_g2_i2|m.46359,5
TRINITY_DN34286_c0_g1_i1|m.46441,11
TRINITY_DN34287_c0_g1_i3|m.46373,10
TRINITY_DN34287_c0_g4_i3|m.46381,12
TRINITY_DN34287_c0_g4_i4|m.46382,11
TRINITY_DN34287_c0_g4_i7|m.46386,8
TRINITY_DN34296_c0_g3_i1|m.46448,5
TRINITY_DN34306_c0_g3_i1|m.46622,11
TRINITY_DN34308_c1_g8_i1|m.46640,10
TRINITY_DN34308_c1_g9_i1|m.46647,7
TRINITY_DN34308_c1_g9_i2|m.46650,2
TRINITY_DN34314_c0_g1_i1|m.46742,2
TRINITY_DN34317_c0_g1_i2|m.46665,4
TRINITY_DN34324_c0_g1_i2|m.46787,15
TRINITY_DN34339_c0_g1_i2|m.46880,21
TRINITY_DN34346_c0_g2_i1|m.46953,5
TRINITY_DN34360_c0_g3_i3|m.47128,5
TRINITY_DN34370_c0_g1_i2|m.47063,5
TRINITY_DN34373_c0_g1_i1|m.47016,4
TRINITY_DN34374_c0_g1_i1|m.47024,5
TRINITY_DN34375_c0_g2_i1|m.47089,5
TRINITY_DN34393_c0_g3_i1|m.47136,14
TRINITY_DN34393_c0_g3_i3|m.47140,2
TRINITY_DN34398_c1_g1_i1|m.47190,2
TRINITY_DN34401_c0_g2_i2|m.47264,2
TRINITY_DN34407_c1_g9_i2|m.47260,10
TRINITY_DN34412_c0_g2_i1|m.47268,3
TRINITY_DN34438_c0_g1_i1|m.47488,1
TRINITY_DN34449_c0_g2_i4|m.47562,3
TRINITY_DN34452_c1_g8_i2|m.47723,4
TRINITY_DN34455_c0_g2_i2|m.47486,10
TRINITY_DN34460_c0_g1_i1|m.47616,2
TRINITY_DN34463_c0_g1_i2|m.47665,21
TRINITY_DN34475_c0_g2_i1|m.47813,21
TRINITY_DN34481_c1_g2_i1|m.47816,20
TRINITY_DN34491_c3_g4_i1|m.47952,19
TRINITY_DN34509_c6_g1_i10|m.48090,3
TRINITY_DN34511_c0_g1_i4|m.48158,3
TRINITY_DN34514_c1_g1_i1|m.48202,3
TRINITY_DN34518_c1_g1_i3|m.48117,5
TRINITY_DN34523_c1_g2_i1|m.48123,2
TRINITY_DN34523_c1_g4_i1|m.48125,5
TRINITY_DN34523_c1_g4_i2|m.48126,18
TRINITY_DN34523_c1_g5_i1|m.48128,2
TRINITY_DN34523_c2_g6_i1|m.48137,2
TRINITY_DN34523_c2_g6_i4|m.48142,2
TRINITY_DN34526_c0_g1_i1|m.48236,4
TRINITY_DN34529_c0_g2_i4|m.48230,5
TRINITY_DN34529_c0_g2_i6|m.48234,2
TRINITY_DN34539_c0_g1_i6|m.48277,5
TRINITY_DN34559_c0_g1_i2|m.48328,5
TRINITY_DN34561_c0_g1_i1|m.48361,5
TRINITY_DN34569_c0_g1_i1|m.48476,3
TRINITY_DN34594_c2_g2_i1|m.48554,18
TRINITY_DN34598_c0_g3_i1|m.48609,3
TRINITY_DN34598_c0_g4_i3|m.48613,10
TRINITY_DN34612_c0_g1_i1|m.48878,10
TRINITY_DN34612_c0_g2_i14|m.48899,10
TRINITY_DN34612_c0_g2_i10|m.48894,12
TRINITY_DN34612_c0_g2_i12|m.48897,10
TRINITY_DN34612_c0_g2_i3|m.48883,10
TRINITY_DN34612_c0_g2_i4|m.48884,10
TRINITY_DN34612_c0_g2_i6|m.48889,10
TRINITY_DN34612_c0_g4_i1|m.48903,10
TRINITY_DN34613_c0_g1_i2|m.48916,15
TRINITY_DN34620_c0_g1_i1|m.48949,1
TRINITY_DN34627_c0_g1_i2|m.48994,5
TRINITY_DN34633_c0_g1_i1|m.48983,3
TRINITY_DN34633_c1_g2_i1|m.48985,10
TRINITY_DN34633_c1_g3_i1|m.48987,10
TRINITY_DN34633_c1_g4_i1|m.48989,2
TRINITY_DN34641_c0_g1_i1|m.49149,5
TRINITY_DN34644_c0_g5_i2|m.49084,5
TRINITY_DN34646_c0_g1_i1|m.48823,5
TRINITY_DN34649_c0_g1_i10|m.48759,2
TRINITY_DN34671_c0_g3_i2|m.49373,3
TRINITY_DN34672_c0_g1_i1|m.49351,5
TRINITY_DN34673_c0_g2_i1|m.49443,1
TRINITY_DN34681_c3_g1_i1|m.49407,3
TRINITY_DN34699_c0_g1_i1|m.48837,22
TRINITY_DN34700_c0_g1_i1|m.49523,2
TRINITY_DN34700_c1_g1_i1|m.49524,5
TRINITY_DN34700_c2_g2_i1|m.49525,3
TRINITY_DN34700_c2_g7_i2|m.49527,3
TRINITY_DN34719_c0_g4_i3|m.49595,10
TRINITY_DN34719_c0_g4_i6|m.49600,2
TRINITY_DN34719_c0_g5_i1|m.49601,10
TRINITY_DN34722_c0_g1_i1|m.49620,3
TRINITY_DN34722_c0_g1_i2|m.49622,21
TRINITY_DN34734_c0_g7_i1|m.49722,22
TRINITY_DN34744_c0_g1_i2|m.49835,5
TRINITY_DN34747_c0_g2_i3|m.50005,2
TRINITY_DN34747_c0_g2_i4|m.50016,2
TRINITY_DN34753_c0_g2_i1|m.49809,4
TRINITY_DN34769_c1_g8_i1|m.49868,5
TRINITY_DN34774_c0_g1_i1|m.49973,4
TRINITY_DN34784_c0_g1_i1|m.50053,2
TRINITY_DN34801_c0_g3_i1|m.50208,15
TRINITY_DN34805_c0_g1_i3|m.50280,8
TRINITY_DN34805_c0_g1_i4|m.50283,10
TRINITY_DN34815_c1_g1_i3|m.50267,14
TRINITY_DN34815_c1_g1_i4|m.50268,14
TRINITY_DN34827_c0_g1_i1|m.50406,2
TRINITY_DN34830_c0_g1_i1|m.50458,3
TRINITY_DN34833_c2_g3_i1|m.50440,2
TRINITY_DN34837_c1_g1_i1|m.50475,3
TRINITY_DN34837_c1_g2_i1|m.50477,2
TRINITY_DN34837_c1_g2_i2|m.50478,14
TRINITY_DN34837_c1_g2_i6|m.50483,7
TRINITY_DN34837_c1_g4_i1|m.50490,2
TRINITY_DN34848_c1_g6_i3|m.50551,10
TRINITY_DN34875_c1_g1_i1|m.50766,10
TRINITY_DN34875_c1_g3_i2|m.50771,19
TRINITY_DN34875_c1_g6_i2|m.50776,10
TRINITY_DN34891_c0_g1_i1|m.50991,1
TRINITY_DN34894_c0_g1_i1|m.50983,21
TRINITY_DN34905_c0_g2_i1|m.51121,10
TRINITY_DN34905_c1_g1_i1|m.51123,3
TRINITY_DN34905_c1_g1_i3|m.51128,10
TRINITY_DN34917_c0_g2_i1|m.51171,3
TRINITY_DN34923_c0_g2_i1|m.51205,21
TRINITY_DN34931_c0_g1_i4|m.51353,5
TRINITY_DN34934_c0_g1_i3|m.51266,3
TRINITY_DN34941_c0_g1_i1|m.51398,15
TRINITY_DN34949_c0_g1_i1|m.51133,5
TRINITY_DN34955_c0_g1_i1|m.51549,13
TRINITY_DN34955_c0_g1_i1|m.51551,10
TRINITY_DN34955_c0_g1_i3|m.51554,5
TRINITY_DN34957_c1_g1_i2|m.51480,10
TRINITY_DN34972_c0_g1_i2|m.51589,5
TRINITY_DN34982_c1_g1_i11|m.51375,4
TRINITY_DN34982_c1_g1_i5|m.51363,2
TRINITY_DN35016_c1_g1_i10|m.51852,6
TRINITY_DN35018_c0_g1_i3|m.51858,5
TRINITY_DN35020_c0_g2_i1|m.51967,5
TRINITY_DN35023_c0_g2_i2|m.51883,5
TRINITY_DN35033_c0_g1_i1|m.52046,5
TRINITY_DN35039_c0_g4_i1|m.51998,5
TRINITY_DN35045_c2_g4_i3|m.51873,5
TRINITY_DN35047_c0_g1_i1|m.51813,26
TRINITY_DN35057_c0_g1_i1|m.52139,3
TRINITY_DN35062_c1_g1_i5|m.52207,21
TRINITY_DN35064_c0_g1_i2|m.52239,4
TRINITY_DN35064_c1_g1_i1|m.52246,5
TRINITY_DN35064_c1_g2_i2|m.52254,14
TRINITY_DN35070_c1_g5_i1|m.52174,2
TRINITY_DN35082_c0_g3_i1|m.52282,6
TRINITY_DN35083_c0_g1_i3|m.52294,3
TRINITY_DN35086_c1_g1_i1|m.52332,3
TRINITY_DN35086_c1_g2_i1|m.52340,3
TRINITY_DN35100_c1_g1_i1|m.52400,5
TRINITY_DN35100_c1_g2_i1|m.52403,10
TRINITY_DN35111_c0_g1_i1|m.52740,16
TRINITY_DN35114_c0_g1_i1|m.52658,4
TRINITY_DN35129_c0_g1_i1|m.52784,3
TRINITY_DN35129_c0_g1_i2|m.52785,10
TRINITY_DN35129_c0_g2_i1|m.52786,10
TRINITY_DN35129_c0_g2_i2|m.52789,3
TRINITY_DN35133_c0_g1_i1|m.52764,9
TRINITY_DN35147_c2_g3_i1|m.52512,6
TRINITY_DN35149_c0_g1_i1|m.52663,2
TRINITY_DN35149_c0_g8_i1|m.52665,3
TRINITY_DN35156_c0_g5_i1|m.52817,6
TRINITY_DN35161_c3_g2_i10|m.52908,4
TRINITY_DN35161_c3_g2_i11|m.52912,5
TRINITY_DN35170_c0_g1_i4|m.53003,14
TRINITY_DN35176_c1_g1_i1|m.52990,9
TRINITY_DN35176_c1_g1_i2|m.52992,9
TRINITY_DN35179_c4_g1_i2|m.53026,5
TRINITY_DN35190_c0_g1_i2|m.53142,3
TRINITY_DN35197_c0_g4_i4|m.53216,10
TRINITY_DN35213_c2_g2_i1|m.53377,10
TRINITY_DN35221_c0_g5_i1|m.53572,21
TRINITY_DN35226_c1_g1_i1|m.53485,3
TRINITY_DN35226_c2_g1_i1|m.53486,2
TRINITY_DN35226_c2_g4_i1|m.53490,10
TRINITY_DN35226_c2_g7_i1|m.53500,10
TRINITY_DN35226_c2_g8_i1|m.53501,10
TRINITY_DN35226_c2_g9_i1|m.53503,10
TRINITY_DN35226_c2_g9_i2|m.53505,10
TRINITY_DN35226_c2_g9_i3|m.53506,2
TRINITY_DN35226_c2_g9_i6|m.53512,2
TRINITY_DN35226_c2_g9_i7|m.53514,10
TRINITY_DN35230_c6_g2_i11|m.53586,3
TRINITY_DN35247_c0_g1_i1|m.53802,5
TRINITY_DN35258_c2_g2_i12|m.53800,2
TRINITY_DN35258_c2_g2_i5|m.53784,10
TRINITY_DN35258_c2_g2_i8|m.53790,7
TRINITY_DN35272_c0_g9_i2|m.53985,18
TRINITY_DN35274_c1_g4_i1|m.53953,3
TRINITY_DN35274_c1_g5_i4|m.53962,19
TRINITY_DN35274_c1_g6_i1|m.53956,10
TRINITY_DN35283_c0_g3_i4|m.53308,20
TRINITY_DN35283_c0_g5_i1|m.53313,2
TRINITY_DN35283_c0_g5_i5|m.53320,2
TRINITY_DN35283_c0_g5_i6|m.53322,10
TRINITY_DN35301_c0_g1_i2|m.54363,3
TRINITY_DN35302_c0_g2_i2|m.54340,10
TRINITY_DN35313_c2_g1_i7|m.54534,1
TRINITY_DN35317_c2_g1_i2|m.54438,3
TRINITY_DN35319_c0_g1_i1|m.54537,5
TRINITY_DN35323_c0_g1_i1|m.54422,3
TRINITY_DN35327_c3_g2_i1|m.54540,11
TRINITY_DN35329_c1_g3_i5|m.54561,5
TRINITY_DN35329_c1_g3_i6|m.54565,5
TRINITY_DN35333_c0_g3_i1|m.54573,10
TRINITY_DN35333_c0_g3_i2|m.54575,10
TRINITY_DN35333_c0_g4_i1|m.54576,10
TRINITY_DN35333_c0_g4_i2|m.54580,10
TRINITY_DN35333_c0_g4_i4|m.54586,10
TRINITY_DN35333_c0_g6_i1|m.54589,2
TRINITY_DN35334_c2_g3_i7|m.54590,5
TRINITY_DN35335_c1_g3_i1|m.54759,5
TRINITY_DN35344_c2_g1_i1|m.54632,18
TRINITY_DN35344_c3_g1_i1|m.54636,5
TRINITY_DN35344_c3_g1_i4|m.54643,12
TRINITY_DN35344_c3_g1_i5|m.54645,12
TRINITY_DN35359_c0_g1_i2|m.54805,3
TRINITY_DN35359_c0_g1_i3|m.54806,3
TRINITY_DN35360_c0_g1_i4|m.54843,21
TRINITY_DN35372_c0_g1_i1|m.54885,9
TRINITY_DN35394_c0_g1_i3|m.54650,9
TRINITY_DN35398_c5_g4_i4|m.54214,5
TRINITY_DN35399_c0_g1_i1|m.55115,14
TRINITY_DN35401_c0_g1_i2|m.55147,10
TRINITY_DN35419_c1_g2_i1|m.55251,5
TRINITY_DN35425_c0_g2_i2|m.55331,3
TRINITY_DN35425_c0_g2_i9|m.55345,3
TRINITY_DN35436_c2_g9_i1|m.55435,4
TRINITY_DN35440_c0_g1_i10|m.55456,5
TRINITY_DN35447_c0_g1_i1|m.55461,20
TRINITY_DN35448_c3_g3_i4|m.55550,2
TRINITY_DN35448_c3_g3_i6|m.55556,13
TRINITY_DN35451_c1_g1_i1|m.55500,14
TRINITY_DN35452_c1_g1_i1|m.55477,5
TRINITY_DN35457_c2_g6_i1|m.55521,2
TRINITY_DN35466_c1_g3_i2|m.55692,5
TRINITY_DN35467_c1_g1_i1|m.55815,5
TRINITY_DN35468_c0_g1_i1|m.55807,2
TRINITY_DN35478_c0_g2_i1|m.55898,5
TRINITY_DN35478_c0_g2_i2|m.55899,23
TRINITY_DN35483_c0_g1_i1|m.55827,24
TRINITY_DN35491_c0_g1_i1|m.55467,11
TRINITY_DN35505_c1_g3_i1|m.55967,3
TRINITY_DN35517_c0_g1_i1|m.56208,5
TRINITY_DN35522_c1_g2_i4|m.55939,3
TRINITY_DN35528_c2_g2_i4|m.56258,11
TRINITY_DN35532_c1_g1_i3|m.56349,3
TRINITY_DN35532_c1_g2_i1|m.56351,19
TRINITY_DN35534_c1_g1_i1|m.56290,6
TRINITY_DN35534_c1_g2_i11|m.56307,4
TRINITY_DN35534_c1_g2_i4|m.56296,5
TRINITY_DN35534_c1_g2_i7|m.56301,3
TRINITY_DN35536_c0_g1_i1|m.56055,5
TRINITY_DN35540_c0_g2_i2|m.56444,18
TRINITY_DN35540_c0_g2_i3|m.56447,5
TRINITY_DN35549_c0_g2_i1|m.56480,2
TRINITY_DN35552_c0_g1_i4|m.56461,15
TRINITY_DN35558_c0_g3_i1|m.56538,14
TRINITY_DN35559_c0_g2_i4|m.56554,3
TRINITY_DN35559_c0_g3_i1|m.56557,5
TRINITY_DN35561_c1_g6_i10|m.56525,14
TRINITY_DN35564_c0_g1_i1|m.56559,10
TRINITY_DN35571_c0_g1_i2|m.56580,2
TRINITY_DN35571_c0_g2_i1|m.56584,5
TRINITY_DN35571_c0_g3_i1|m.56587,17
TRINITY_DN35571_c1_g6_i1|m.56590,10
TRINITY_DN35571_c1_g6_i7|m.56596,23
TRINITY_DN35585_c0_g6_i2|m.56835,11
TRINITY_DN35586_c3_g7_i2|m.56712,5
TRINITY_DN35587_c0_g3_i1|m.56668,5
TRINITY_DN35588_c0_g1_i3|m.56815,20
TRINITY_DN35596_c0_g1_i1|m.56843,3
TRINITY_DN35598_c0_g1_i1|m.56379,24
TRINITY_DN35611_c0_g4_i4|m.56920,8
TRINITY_DN35616_c1_g1_i1|m.57008,18
TRINITY_DN35616_c2_g1_i5|m.57017,13
TRINITY_DN35616_c2_g1_i9|m.57024,5
TRINITY_DN35618_c0_g1_i2|m.57116,5
TRINITY_DN35628_c0_g1_i1|m.57161,22
TRINITY_DN35636_c0_g1_i1|m.57167,22
TRINITY_DN35644_c0_g1_i1|m.57306,5
TRINITY_DN35646_c0_g1_i4|m.57279,4
TRINITY_DN35651_c0_g1_i1|m.57240,19
TRINITY_DN35651_c0_g1_i2|m.57244,2
TRINITY_DN35651_c0_g1_i2|m.57245,3
TRINITY_DN35651_c0_g1_i4|m.57253,17
TRINITY_DN35651_c0_g1_i6|m.57260,21
TRINITY_DN35651_c0_g1_i7|m.57263,3
TRINITY_DN35651_c0_g3_i1|m.57269,10
TRINITY_DN35662_c2_g4_i2|m.57448,1
TRINITY_DN35664_c0_g1_i1|m.57393,4
TRINITY_DN35680_c1_g3_i1|m.57472,10
TRINITY_DN35680_c1_g3_i5|m.57474,2
TRINITY_DN35685_c0_g4_i1|m.57494,18
TRINITY_DN35692_c1_g1_i1|m.57526,7
TRINITY_DN35693_c2_g3_i1|m.57600,5
TRINITY_DN35701_c0_g3_i1|m.57650,3
TRINITY_DN35712_c0_g1_i2|m.57806,5
TRINITY_DN35724_c0_g1_i1|m.57654,3
TRINITY_DN35745_c0_g1_i3|m.57659,6
TRINITY_DN35747_c0_g4_i3|m.58397,4
TRINITY_DN35754_c0_g3_i12|m.58061,4
TRINITY_DN35754_c0_g4_i1|m.58063,5
TRINITY_DN35757_c0_g2_i1|m.58182,21
TRINITY_DN35758_c1_g3_i3|m.58207,5
TRINITY_DN35760_c0_g9_i1|m.58067,11
TRINITY_DN35764_c0_g5_i1|m.58136,2
TRINITY_DN35764_c0_g6_i1|m.58139,3
TRINITY_DN35770_c2_g1_i2|m.58224,5
TRINITY_DN35797_c0_g1_i2|m.57709,22
TRINITY_DN35797_c0_g1_i6|m.57716,4
TRINITY_DN35801_c3_g4_i2|m.58520,5
TRINITY_DN35801_c3_g4_i4|m.58523,2
TRINITY_DN35809_c0_g1_i1|m.58581,20
TRINITY_DN35823_c0_g1_i1|m.58693,5
TRINITY_DN35828_c0_g1_i1|m.58730,9
TRINITY_DN35840_c2_g1_i3|m.59059,1
TRINITY_DN35841_c0_g1_i1|m.58886,5
TRINITY_DN35849_c0_g3_i1|m.58848,19
TRINITY_DN35851_c0_g1_i1|m.58888,1
TRINITY_DN35863_c0_g6_i2|m.58918,11
TRINITY_DN35863_c0_g6_i3|m.58919,3
TRINITY_DN35863_c0_g7_i1|m.58920,16
TRINITY_DN35886_c0_g1_i2|m.59182,4
TRINITY_DN35890_c0_g1_i4|m.59234,3
TRINITY_DN35891_c0_g1_i1|m.59254,5
TRINITY_DN35891_c0_g1_i4|m.59259,5
TRINITY_DN35898_c0_g1_i1|m.59325,11
TRINITY_DN35906_c0_g1_i1|m.59415,10
TRINITY_DN35906_c1_g3_i1|m.59419,11
TRINITY_DN35906_c1_g5_i1|m.59422,10
TRINITY_DN35906_c1_g5_i3|m.59426,10
TRINITY_DN35909_c0_g1_i4|m.59440,5
TRINITY_DN35909_c0_g1_i7|m.59442,5
TRINITY_DN35911_c0_g1_i1|m.59562,4
TRINITY_DN35918_c0_g2_i2|m.59526,3
TRINITY_DN35922_c0_g1_i1|m.59397,13
TRINITY_DN35949_c0_g1_i3|m.59736,4
TRINITY_DN35952_c0_g2_i1|m.59920,4
TRINITY_DN35969_c0_g5_i6|m.59869,15
TRINITY_DN35982_c1_g8_i1|m.60028,2
TRINITY_DN35984_c0_g1_i5|m.60085,5
TRINITY_DN35988_c0_g1_i2|m.60163,7
TRINITY_DN35995_c1_g5_i3|m.59711,5
TRINITY_DN36005_c0_g2_i1|m.60319,1
TRINITY_DN36010_c0_g1_i1|m.60307,4
TRINITY_DN36011_c0_g1_i1|m.60311,21
TRINITY_DN36025_c0_g1_i1|m.60482,22
TRINITY_DN36026_c3_g3_i1|m.60366,18
TRINITY_DN36030_c0_g1_i1|m.60596,15
TRINITY_DN36035_c0_g1_i1|m.60607,5
TRINITY_DN36039_c2_g1_i3|m.60257,20
TRINITY_DN36041_c3_g6_i1|m.60560,19
TRINITY_DN36063_c0_g1_i2|m.60767,20
TRINITY_DN36064_c0_g2_i1|m.60759,14
TRINITY_DN36072_c0_g1_i1|m.60798,5
TRINITY_DN36076_c1_g1_i1|m.60776,5
TRINITY_DN36083_c0_g1_i1|m.60919,19
TRINITY_DN36083_c1_g2_i1|m.60923,4
TRINITY_DN36092_c0_g1_i1|m.61004,20
TRINITY_DN36101_c0_g1_i4|m.61046,1
TRINITY_DN36106_c0_g5_i1|m.61175,4
TRINITY_DN36106_c0_g8_i1|m.61181,22
TRINITY_DN36109_c0_g1_i2|m.61272,3
TRINITY_DN36123_c0_g3_i1|m.61293,21
TRINITY_DN36127_c0_g1_i1|m.61397,2
TRINITY_DN36127_c0_g2_i1|m.61398,3
TRINITY_DN36127_c0_g2_i2|m.61400,10
TRINITY_DN36127_c0_g2_i3|m.61401,10
TRINITY_DN36131_c1_g1_i3|m.61477,3
TRINITY_DN36146_c0_g4_i1|m.61547,5
TRINITY_DN36149_c0_g1_i1|m.61589,21
TRINITY_DN36153_c0_g1_i1|m.61636,1
TRINITY_DN36158_c1_g3_i1|m.61627,4
TRINITY_DN36164_c3_g2_i4|m.61605,3
TRINITY_DN36170_c0_g1_i1|m.61741,10
TRINITY_DN36174_c0_g1_i1|m.61966,15
TRINITY_DN36190_c0_g1_i1|m.62009,5
TRINITY_DN36201_c0_g1_i1|m.62320,5
TRINITY_DN36203_c0_g1_i3|m.62253,4
TRINITY_DN36212_c0_g1_i11|m.62448,5
TRINITY_DN36237_c2_g3_i7|m.62500,10
TRINITY_DN36237_c2_g3_i8|m.62501,10
TRINITY_DN36244_c1_g4_i1|m.62524,15
TRINITY_DN36244_c2_g1_i1|m.62529,3
TRINITY_DN36244_c2_g7_i5|m.62534,15
TRINITY_DN36250_c0_g2_i1|m.62772,5
TRINITY_DN36250_c0_g2_i2|m.62774,5
TRINITY_DN36251_c0_g3_i4|m.62581,4
TRINITY_DN36253_c1_g4_i1|m.62646,9
TRINITY_DN36257_c2_g2_i2|m.62821,4
TRINITY_DN36267_c0_g2_i10|m.62943,5
TRINITY_DN36270_c1_g1_i1|m.62744,5
TRINITY_DN36281_c0_g1_i3|m.63101,5
TRINITY_DN36285_c1_g1_i2|m.63025,3
TRINITY_DN36304_c1_g2_i2|m.63678,11
TRINITY_DN36305_c1_g6_i4|m.63350,4
TRINITY_DN36309_c0_g2_i8|m.63399,4
TRINITY_DN36311_c0_g1_i1|m.63470,4
TRINITY_DN36319_c3_g3_i4|m.63407,5
TRINITY_DN36319_c3_g6_i1|m.63408,3
TRINITY_DN36333_c0_g2_i1|m.63608,10
TRINITY_DN36333_c0_g3_i1|m.63609,11
TRINITY_DN36333_c0_g3_i2|m.63610,10
TRINITY_DN36333_c0_g3_i3|m.63612,2
TRINITY_DN36333_c0_g6_i1|m.63616,3
TRINITY_DN36346_c0_g1_i1|m.63812,4
TRINITY_DN36352_c0_g1_i10|m.63776,5
TRINITY_DN36352_c0_g1_i3|m.63763,5
TRINITY_DN36352_c0_g1_i9|m.63774,5
TRINITY_DN36372_c0_g2_i1|m.63239,5
TRINITY_DN36380_c0_g2_i2|m.63918,5
TRINITY_DN36383_c2_g7_i1|m.64129,1
TRINITY_DN36392_c0_g2_i4|m.64178,3
TRINITY_DN36404_c0_g4_i1|m.64264,10
TRINITY_DN36404_c0_g6_i2|m.64265,3
TRINITY_DN36404_c0_g6_i4|m.64267,10
TRINITY_DN36405_c1_g1_i5|m.64346,10
TRINITY_DN36429_c0_g1_i1|m.64512,5
TRINITY_DN36430_c0_g4_i1|m.64407,7
TRINITY_DN36430_c0_g4_i2|m.64410,3
TRINITY_DN36430_c0_g5_i1|m.64411,10
TRINITY_DN36430_c0_g6_i3|m.64418,10
TRINITY_DN36430_c0_g7_i1|m.64420,2
TRINITY_DN36430_c1_g1_i1|m.64427,2
TRINITY_DN36430_c1_g4_i1|m.64429,19
TRINITY_DN36430_c1_g4_i3|m.64436,19
TRINITY_DN36430_c1_g4_i4|m.64440,19
TRINITY_DN36430_c1_g4_i6|m.64446,19
TRINITY_DN36431_c0_g1_i3|m.64554,21
TRINITY_DN36453_c0_g1_i4|m.64706,3
TRINITY_DN36453_c0_g1_i5|m.64708,3
TRINITY_DN36454_c0_g2_i1|m.64290,4
TRINITY_DN36467_c4_g4_i1|m.64755,5
TRINITY_DN36467_c4_g4_i10|m.64768,5
TRINITY_DN36490_c0_g1_i1|m.65118,5
TRINITY_DN36498_c0_g1_i2|m.65108,24
TRINITY_DN36507_c0_g1_i1|m.65200,21
TRINITY_DN36509_c1_g2_i1|m.65173,5
TRINITY_DN36509_c1_g2_i2|m.65174,7
TRINITY_DN36515_c3_g3_i4|m.65217,2
TRINITY_DN36515_c3_g3_i5|m.65218,7
TRINITY_DN36515_c3_g3_i6|m.65220,10
TRINITY_DN36515_c3_g3_i8|m.65225,10
TRINITY_DN36515_c3_g4_i6|m.65230,10
TRINITY_DN36515_c3_g7_i2|m.65236,10
TRINITY_DN36524_c0_g2_i2|m.65370,21
TRINITY_DN36541_c0_g1_i1|m.65465,19
TRINITY_DN36541_c0_g6_i1|m.65469,10
TRINITY_DN36541_c0_g6_i2|m.65471,19
TRINITY_DN36541_c0_g7_i1|m.65473,10
TRINITY_DN36541_c0_g7_i2|m.65475,10
TRINITY_DN36541_c0_g7_i5|m.65479,10
TRINITY_DN36541_c0_g7_i6|m.65481,3
TRINITY_DN36551_c1_g1_i2|m.65651,4
TRINITY_DN36560_c1_g1_i11|m.65744,4
TRINITY_DN36563_c0_g1_i1|m.65988,25
TRINITY_DN36594_c0_g2_i1|m.65263,3
TRINITY_DN36606_c0_g2_i1|m.66245,5
TRINITY_DN36610_c4_g9_i1|m.66355,3
TRINITY_DN36614_c0_g1_i1|m.66746,26
TRINITY_DN36614_c0_g2_i1|m.66750,4
TRINITY_DN36621_c0_g4_i1|m.66584,2
TRINITY_DN36621_c0_g4_i2|m.66586,5
TRINITY_DN36623_c0_g1_i1|m.66429,5
TRINITY_DN36623_c1_g5_i1|m.66432,12
TRINITY_DN36623_c1_g8_i1|m.66433,2
TRINITY_DN36623_c1_g9_i4|m.66437,3
TRINITY_DN36623_c1_g9_i5|m.66438,2
TRINITY_DN36625_c0_g1_i1|m.66294,15
TRINITY_DN36629_c0_g1_i1|m.66633,2
TRINITY_DN36636_c0_g1_i1|m.66613,3
TRINITY_DN36651_c0_g1_i1|m.66862,4
TRINITY_DN36666_c3_g1_i1|m.66922,13
TRINITY_DN36666_c3_g1_i2|m.66923,6
TRINITY_DN36666_c3_g1_i3|m.66925,2
TRINITY_DN36676_c0_g1_i1|m.67008,5
TRINITY_DN36708_c1_g1_i1|m.67358,4
TRINITY_DN36737_c2_g1_i1|m.67383,10
TRINITY_DN36737_c3_g5_i1|m.67389,2
TRINITY_DN36737_c3_g7_i1|m.67393,10
TRINITY_DN36742_c1_g8_i1|m.67448,3
TRINITY_DN36760_c1_g3_i3|m.67760,4
TRINITY_DN36760_c1_g4_i1|m.67756,5
TRINITY_DN36764_c0_g1_i3|m.67796,3
TRINITY_DN36764_c0_g3_i2|m.67803,5
TRINITY_DN36765_c2_g8_i1|m.67613,18
TRINITY_DN36769_c0_g3_i8|m.67674,5
TRINITY_DN36778_c1_g4_i2|m.67719,3
TRINITY_DN36779_c3_g3_i2|m.67779,5
TRINITY_DN36790_c1_g6_i2|m.67891,21
TRINITY_DN36800_c5_g3_i3|m.67997,22
TRINITY_DN36802_c0_g3_i1|m.68031,2
TRINITY_DN36802_c0_g4_i1|m.68032,3
TRINITY_DN36802_c1_g2_i3|m.68060,12
TRINITY_DN36813_c4_g6_i1|m.68166,10
TRINITY_DN36813_c4_g6_i2|m.68167,12
TRINITY_DN36813_c4_g6_i6|m.68170,10
TRINITY_DN36820_c1_g1_i1|m.68253,10
TRINITY_DN36820_c4_g4_i1|m.68256,17
TRINITY_DN36820_c5_g1_i1|m.68258,10
TRINITY_DN36820_c6_g1_i1|m.68264,10
TRINITY_DN36820_c6_g2_i1|m.68267,10
TRINITY_DN36820_c7_g1_i1|m.68268,12
TRINITY_DN36820_c7_g2_i1|m.68269,5
TRINITY_DN36820_c7_g2_i2|m.68272,10
TRINITY_DN36820_c7_g3_i1|m.68276,3
TRINITY_DN36820_c7_g4_i1|m.68277,2
TRINITY_DN36838_c1_g6_i2|m.68396,3
TRINITY_DN36864_c3_g2_i1|m.68572,2
TRINITY_DN36864_c3_g2_i2|m.68578,10
TRINITY_DN36864_c3_g3_i1|m.68586,10
TRINITY_DN36866_c0_g6_i1|m.68530,5
TRINITY_DN36869_c2_g1_i1|m.68313,5
TRINITY_DN36874_c2_g3_i1|m.68557,19
TRINITY_DN36874_c2_g3_i2|m.68558,10
TRINITY_DN36874_c2_g5_i1|m.68560,19
TRINITY_DN36874_c2_g6_i1|m.68561,19
TRINITY_DN36874_c2_g6_i2|m.68564,10
TRINITY_DN36874_c2_g7_i2|m.68568,19
TRINITY_DN36874_c2_g7_i3|m.68569,10
TRINITY_DN36880_c2_g3_i1|m.68626,3
TRINITY_DN36899_c4_g1_i4|m.68782,5
TRINITY_DN36905_c2_g7_i3|m.68823,5
TRINITY_DN36906_c0_g1_i1|m.68854,20
TRINITY_DN36906_c1_g5_i1|m.68858,2
TRINITY_DN36911_c2_g2_i1|m.68930,27
TRINITY_DN36930_c0_g1_i1|m.69326,27
TRINITY_DN36935_c3_g2_i1|m.69147,16
TRINITY_DN36943_c3_g1_i1|m.69177,4
TRINITY_DN36947_c3_g1_i3|m.69354,5
TRINITY_DN36947_c3_g3_i1|m.69362,3
TRINITY_DN36948_c0_g1_i1|m.69043,24
TRINITY_DN36962_c6_g5_i1|m.69425,2
TRINITY_DN36976_c3_g1_i4|m.68971,9
TRINITY_DN36980_c2_g1_i3|m.69608,26
TRINITY_DN36981_c8_g6_i1|m.69480,5
TRINITY_DN36981_c8_g6_i3|m.69481,5
TRINITY_DN36989_c2_g1_i1|m.69547,2
TRINITY_DN36989_c2_g1_i3|m.69553,3
TRINITY_DN36989_c3_g5_i1|m.69556,2
TRINITY_DN36989_c3_g6_i1|m.69558,10
TRINITY_DN36989_c3_g6_i2|m.69561,2
TRINITY_DN36989_c3_g8_i1|m.69562,3
TRINITY_DN36999_c0_g1_i1|m.69682,3
TRINITY_DN37002_c4_g5_i1|m.69718,3
TRINITY_DN37005_c4_g9_i1|m.69785,10
TRINITY_DN37012_c0_g2_i1|m.70115,4
TRINITY_DN37013_c4_g4_i1|m.69822,10
TRINITY_DN37013_c4_g4_i5|m.69827,10
TRINITY_DN37013_c4_g4_i8|m.69830,7
TRINITY_DN37013_c5_g1_i1|m.69831,2
TRINITY_DN37013_c5_g1_i3|m.69834,2
TRINITY_DN37013_c5_g1_i5|m.69835,10
TRINITY_DN37013_c5_g7_i1|m.69842,10
TRINITY_DN37015_c0_g1_i4|m.70124,4
TRINITY_DN37017_c1_g1_i4|m.70212,20
TRINITY_DN37020_c2_g3_i1|m.69917,10
TRINITY_DN37020_c2_g4_i1|m.69920,10
TRINITY_DN37020_c2_g6_i1|m.69925,2
TRINITY_DN37020_c3_g2_i1|m.69936,10
TRINITY_DN37020_c3_g2_i3|m.69944,10
TRINITY_DN37020_c3_g2_i5|m.69949,19
TRINITY_DN37020_c3_g2_i6|m.69950,19
TRINITY_DN37020_c3_g3_i1|m.69938,19
TRINITY_DN37029_c0_g1_i2|m.70244,1
TRINITY_DN37293_c0_g1_i1|m.70311,6
TRINITY_DN37452_c0_g1_i1|m.70345,14
TRINITY_DN37972_c0_g1_i1|m.70442,15
TRINITY_DN38903_c0_g1_i1|m.70624,3
TRINITY_DN39258_c0_g1_i1|m.70675,5
TRINITY_DN39508_c0_g1_i1|m.70704,3
TRINITY_DN39687_c0_g1_i1|m.70728,12
TRINITY_DN40055_c0_g1_i1|m.70763,5
TRINITY_DN41048_c0_g1_i1|m.70860,12
TRINITY_DN41758_c0_g1_i1|m.70918,3
TRINITY_DN43031_c0_g1_i1|m.71054,3
TRINITY_DN44855_c0_g1_i1|m.71390,11
TRINITY_DN46475_c0_g1_i1|m.71627,3
TRINITY_DN46915_c0_g1_i1|m.71671,3
TRINITY_DN49285_c0_g1_i1|m.71844,3
TRINITY_DN49776_c0_g1_i1|m.71869,10
TRINITY_DN50337_c0_g1_i1|m.71936,10
TRINITY_DN50550_c0_g1_i1|m.71978,5
TRINITY_DN50790_c0_g1_i1|m.72037,5
TRINITY_DN51905_c0_g1_i1|m.72213,11
TRINITY_DN52054_c0_g1_i1|m.72233,15
TRINITY_DN52864_c0_g1_i1|m.72334,21
TRINITY_DN52973_c0_g1_i1|m.72353,14
TRINITY_DN53038_c0_g1_i1|m.72366,5
TRINITY_DN53421_c0_g1_i1|m.72432,3
TRINITY_DN54143_c0_g1_i1|m.72512,10
TRINITY_DN54229_c0_g1_i1|m.72534,2
TRINITY_DN56462_c0_g1_i1|m.72721,3
TRINITY_DN57321_c0_g1_i1|m.72772,8
TRINITY_DN57402_c0_g1_i1|m.72791,19
TRINITY_DN57649_c0_g1_i1|m.72841,14
TRINITY_DN57961_c0_g1_i1|m.72916,4
TRINITY_DN58660_c0_g1_i1|m.73018,5
TRINITY_DN58788_c0_g1_i1|m.73055,13
TRINITY_DN58834_c0_g1_i1|m.73075,5
TRINITY_DN58900_c0_g1_i1|m.73085,5
TRINITY_DN59509_c0_g1_i1|m.73188,2
TRINITY_DN60328_c0_g1_i1|m.73302,5
TRINITY_DN60584_c0_g1_i1|m.73338,3
TRINITY_DN61299_c0_g1_i1|m.73407,21
TRINITY_DN61677_c0_g1_i1|m.73461,16
TRINITY_DN62411_c0_g1_i1|m.73526,11
TRINITY_DN63084_c0_g1_i1|m.73591,3
TRINITY_DN65098_c0_g1_i1|m.73768,4
TRINITY_DN65140_c0_g1_i1|m.73770,5
TRINITY_DN66538_c0_g1_i1|m.74054,16
TRINITY_DN68069_c0_g1_i1|m.74250,5
TRINITY_DN68089_c0_g1_i1|m.74266,5
TRINITY_DN69581_c0_g1_i1|m.74424,11
TRINITY_DN69693_c0_g1_i1|m.74440,5
TRINITY_DN70331_c0_g1_i1|m.74500,3
TRINITY_DN70475_c0_g1_i1|m.74508,3
TRINITY_DN70721_c0_g1_i1|m.74516,2
TRINITY_DN70767_c0_g1_i1|m.74519,3
TRINITY_DN72242_c0_g1_i1|m.74622,3
TRINITY_DN72584_c0_g1_i1|m.74701,6
TRINITY_DN74934_c0_g1_i1|m.75088,5
TRINITY_DN75299_c0_g1_i1|m.75130,5
TRINITY_DN75577_c0_g1_i1|m.75164,18
TRINITY_DN75625_c0_g1_i1|m.75174,10
TRINITY_DN76056_c0_g1_i1|m.75230,2
TRINITY_DN76319_c0_g1_i1|m.75265,2
TRINITY_DN76697_c0_g1_i1|m.75296,2
TRINITY_DN77148_c0_g1_i1|m.75346,12
TRINITY_DN78229_c0_g1_i1|m.75452,5
